/* * Data converted from C:/Users/jeron/Downloads/Universidad/2025-2/Real_time_system/project/http_1/main/webpage/app.js
 */
.data
#if !defined (__APPLE__) && !defined (__linux__)
.section .rodata.embedded
#endif

.global app_js
app_js:

.global _binary_app_js_start
_binary_app_js_start: /* for objcopy compatibility */
.byte 0x2f, 0x2a, 0x2a, 0x0d, 0x0a, 0x20, 0x2a, 0x20, 0x53, 0x69, 0x73, 0x74, 0x65, 0x6d, 0x61, 0x20
.byte 0x64, 0x65, 0x20, 0x43, 0x6f, 0x6e, 0x74, 0x72, 0x6f, 0x6c, 0x20, 0x64, 0x65, 0x20, 0x56, 0x65
.byte 0x6e, 0x74, 0x69, 0x6c, 0x61, 0x63, 0x69, 0xc3, 0xb3, 0x6e, 0x20, 0x2d, 0x20, 0x45, 0x53, 0x50
.byte 0x33, 0x32, 0x0d, 0x0a, 0x20, 0x2a, 0x20, 0x4a, 0x61, 0x76, 0x61, 0x53, 0x63, 0x72, 0x69, 0x70
.byte 0x74, 0x20, 0x6d, 0x6f, 0x64, 0x65, 0x72, 0x6e, 0x6f, 0x20, 0x73, 0x69, 0x6e, 0x20, 0x6a, 0x51
.byte 0x75, 0x65, 0x72, 0x79, 0x0d, 0x0a, 0x20, 0x2a, 0x2f, 0x0d, 0x0a, 0x0d, 0x0a, 0x2f, 0x2f, 0x20
.byte 0x3d, 0x3d, 0x3d, 0x3d, 0x3d, 0x3d, 0x3d, 0x3d, 0x3d, 0x3d, 0x20, 0x43, 0x4f, 0x4e, 0x46, 0x49
.byte 0x47, 0x55, 0x52, 0x41, 0x43, 0x49, 0xc3, 0x93, 0x4e, 0x20, 0x47, 0x4c, 0x4f, 0x42, 0x41, 0x4c
.byte 0x20, 0x3d, 0x3d, 0x3d, 0x3d, 0x3d, 0x3d, 0x3d, 0x3d, 0x3d, 0x3d, 0x0d, 0x0a, 0x63, 0x6f, 0x6e
.byte 0x73, 0x74, 0x20, 0x43, 0x4f, 0x4e, 0x46, 0x49, 0x47, 0x20, 0x3d, 0x20, 0x7b, 0x0d, 0x0a, 0x20
.byte 0x20, 0x20, 0x20, 0x41, 0x50, 0x49, 0x5f, 0x45, 0x4e, 0x44, 0x50, 0x4f, 0x49, 0x4e, 0x54, 0x53
.byte 0x3a, 0x20, 0x7b, 0x0d, 0x0a, 0x20, 0x20, 0x20, 0x20, 0x20, 0x20, 0x20, 0x20, 0x53, 0x59, 0x53
.byte 0x54, 0x45, 0x4d, 0x5f, 0x53, 0x54, 0x41, 0x54, 0x45, 0x3a, 0x20, 0x27, 0x2f, 0x73, 0x79, 0x73
.byte 0x74, 0x65, 0x6d, 0x53, 0x74, 0x61, 0x74, 0x65, 0x27, 0x2c, 0x0d, 0x0a, 0x20, 0x20, 0x20, 0x20
.byte 0x20, 0x20, 0x20, 0x20, 0x53, 0x45, 0x54, 0x5f, 0x4d, 0x4f, 0x44, 0x45, 0x3a, 0x20, 0x27, 0x2f
.byte 0x73, 0x65, 0x74, 0x4d, 0x6f, 0x64, 0x65, 0x27, 0x2c, 0x0d, 0x0a, 0x20, 0x20, 0x20, 0x20, 0x20
.byte 0x20, 0x20, 0x20, 0x53, 0x41, 0x56, 0x45, 0x5f, 0x4d, 0x41, 0x4e, 0x55, 0x41, 0x4c, 0x3a, 0x20
.byte 0x27, 0x2f, 0x73, 0x61, 0x76, 0x65, 0x4d, 0x61, 0x6e, 0x75, 0x61, 0x6c, 0x27, 0x2c, 0x0d, 0x0a
.byte 0x20, 0x20, 0x20, 0x20, 0x20, 0x20, 0x20, 0x20, 0x53, 0x41, 0x56, 0x45, 0x5f, 0x41, 0x55, 0x54
.byte 0x4f, 0x3a, 0x20, 0x27, 0x2f, 0x73, 0x61, 0x76, 0x65, 0x41, 0x75, 0x74, 0x6f, 0x27, 0x2c, 0x0d
.byte 0x0a, 0x20, 0x20, 0x20, 0x20, 0x20, 0x20, 0x20, 0x20, 0x53, 0x41, 0x56, 0x45, 0x5f, 0x50, 0x52
.byte 0x4f, 0x47, 0x52, 0x41, 0x4d, 0x4d, 0x45, 0x44, 0x3a, 0x20, 0x27, 0x2f, 0x73, 0x61, 0x76, 0x65
.byte 0x50, 0x72, 0x6f, 0x67, 0x72, 0x61, 0x6d, 0x6d, 0x65, 0x64, 0x27, 0x2c, 0x0d, 0x0a, 0x20, 0x20
.byte 0x20, 0x20, 0x20, 0x20, 0x20, 0x20, 0x47, 0x45, 0x54, 0x5f, 0x50, 0x52, 0x4f, 0x47, 0x52, 0x41
.byte 0x4d, 0x4d, 0x45, 0x44, 0x3a, 0x20, 0x27, 0x2f, 0x67, 0x65, 0x74, 0x50, 0x72, 0x6f, 0x67, 0x72
.byte 0x61, 0x6d, 0x6d, 0x65, 0x64, 0x27, 0x2c, 0x0d, 0x0a, 0x20, 0x20, 0x20, 0x20, 0x20, 0x20, 0x20
.byte 0x20, 0x4f, 0x54, 0x41, 0x5f, 0x55, 0x50, 0x44, 0x41, 0x54, 0x45, 0x3a, 0x20, 0x27, 0x2f, 0x4f
.byte 0x54, 0x41, 0x75, 0x70, 0x64, 0x61, 0x74, 0x65, 0x27, 0x2c, 0x0d, 0x0a, 0x20, 0x20, 0x20, 0x20
.byte 0x20, 0x20, 0x20, 0x20, 0x4f, 0x54, 0x41, 0x5f, 0x53, 0x54, 0x41, 0x54, 0x55, 0x53, 0x3a, 0x20
.byte 0x27, 0x2f, 0x4f, 0x54, 0x41, 0x73, 0x74, 0x61, 0x74, 0x75, 0x73, 0x27, 0x2c, 0x0d, 0x0a, 0x20
.byte 0x20, 0x20, 0x20, 0x20, 0x20, 0x20, 0x20, 0x54, 0x49, 0x4d, 0x45, 0x3a, 0x20, 0x27, 0x2f, 0x74
.byte 0x69, 0x6d, 0x65, 0x2e, 0x6a, 0x73, 0x6f, 0x6e, 0x27, 0x0d, 0x0a, 0x20, 0x20, 0x20, 0x20, 0x7d
.byte 0x2c, 0x0d, 0x0a, 0x20, 0x20, 0x20, 0x20, 0x55, 0x50, 0x44, 0x41, 0x54, 0x45, 0x5f, 0x49, 0x4e
.byte 0x54, 0x45, 0x52, 0x56, 0x41, 0x4c, 0x3a, 0x20, 0x32, 0x30, 0x30, 0x30, 0x2c, 0x0d, 0x0a, 0x20
.byte 0x20, 0x20, 0x20, 0x4d, 0x4f, 0x44, 0x45, 0x53, 0x3a, 0x20, 0x7b, 0x0d, 0x0a, 0x20, 0x20, 0x20
.byte 0x20, 0x20, 0x20, 0x20, 0x20, 0x4d, 0x41, 0x4e, 0x55, 0x41, 0x4c, 0x3a, 0x20, 0x30, 0x2c, 0x0d
.byte 0x0a, 0x20, 0x20, 0x20, 0x20, 0x20, 0x20, 0x20, 0x20, 0x41, 0x55, 0x54, 0x4f, 0x4d, 0x41, 0x54
.byte 0x49, 0x43, 0x3a, 0x20, 0x31, 0x2c, 0x0d, 0x0a, 0x20, 0x20, 0x20, 0x20, 0x20, 0x20, 0x20, 0x20
.byte 0x50, 0x52, 0x4f, 0x47, 0x52, 0x41, 0x4d, 0x4d, 0x45, 0x44, 0x3a, 0x20, 0x32, 0x0d, 0x0a, 0x20
.byte 0x20, 0x20, 0x20, 0x7d, 0x2c, 0x0d, 0x0a, 0x20, 0x20, 0x20, 0x20, 0x4d, 0x4f, 0x44, 0x45, 0x5f
.byte 0x4e, 0x41, 0x4d, 0x45, 0x53, 0x3a, 0x20, 0x7b, 0x0d, 0x0a, 0x20, 0x20, 0x20, 0x20, 0x20, 0x20
.byte 0x20, 0x20, 0x30, 0x3a, 0x20, 0x27, 0x4d, 0x41, 0x4e, 0x55, 0x41, 0x4c, 0x27, 0x2c, 0x0d, 0x0a
.byte 0x20, 0x20, 0x20, 0x20, 0x20, 0x20, 0x20, 0x20, 0x31, 0x3a, 0x20, 0x27, 0x41, 0x55, 0x54, 0x4f
.byte 0x4d, 0xc3, 0x81, 0x54, 0x49, 0x43, 0x4f, 0x27, 0x2c, 0x0d, 0x0a, 0x20, 0x20, 0x20, 0x20, 0x20
.byte 0x20, 0x20, 0x20, 0x32, 0x3a, 0x20, 0x27, 0x50, 0x52, 0x4f, 0x47, 0x52, 0x41, 0x4d, 0x41, 0x44
.byte 0x4f, 0x27, 0x0d, 0x0a, 0x20, 0x20, 0x20, 0x20, 0x7d, 0x2c, 0x0d, 0x0a, 0x20, 0x20, 0x20, 0x20
.byte 0x4e, 0x55, 0x4d, 0x5f, 0x52, 0x45, 0x47, 0x49, 0x53, 0x54, 0x45, 0x52, 0x53, 0x3a, 0x20, 0x33
.byte 0x0d, 0x0a, 0x7d, 0x3b, 0x0d, 0x0a, 0x0d, 0x0a, 0x2f, 0x2f, 0x20, 0x3d, 0x3d, 0x3d, 0x3d, 0x3d
.byte 0x3d, 0x3d, 0x3d, 0x3d, 0x3d, 0x20, 0x45, 0x53, 0x54, 0x41, 0x44, 0x4f, 0x20, 0x47, 0x4c, 0x4f
.byte 0x42, 0x41, 0x4c, 0x20, 0x3d, 0x3d, 0x3d, 0x3d, 0x3d, 0x3d, 0x3d, 0x3d, 0x3d, 0x3d, 0x0d, 0x0a
.byte 0x63, 0x6f, 0x6e, 0x73, 0x74, 0x20, 0x53, 0x54, 0x41, 0x54, 0x45, 0x20, 0x3d, 0x20, 0x7b, 0x0d
.byte 0x0a, 0x20, 0x20, 0x20, 0x20, 0x63, 0x75, 0x72, 0x72, 0x65, 0x6e, 0x74, 0x4d, 0x6f, 0x64, 0x65
.byte 0x3a, 0x20, 0x30, 0x2c, 0x0d, 0x0a, 0x20, 0x20, 0x20, 0x20, 0x63, 0x75, 0x72, 0x72, 0x65, 0x6e
.byte 0x74, 0x50, 0x57, 0x4d, 0x3a, 0x20, 0x30, 0x2c, 0x0d, 0x0a, 0x20, 0x20, 0x20, 0x20, 0x63, 0x75
.byte 0x72, 0x72, 0x65, 0x6e, 0x74, 0x54, 0x65, 0x6d, 0x70, 0x3a, 0x20, 0x6e, 0x75, 0x6c, 0x6c, 0x2c
.byte 0x0d, 0x0a, 0x20, 0x20, 0x20, 0x20, 0x70, 0x69, 0x72, 0x44, 0x65, 0x74, 0x65, 0x63, 0x74, 0x65
.byte 0x64, 0x3a, 0x20, 0x66, 0x61, 0x6c, 0x73, 0x65, 0x2c, 0x0d, 0x0a, 0x20, 0x20, 0x20, 0x20, 0x61
.byte 0x63, 0x74, 0x69, 0x76, 0x65, 0x52, 0x65, 0x67, 0x69, 0x73, 0x74, 0x65, 0x72, 0x3a, 0x20, 0x6e
.byte 0x75, 0x6c, 0x6c, 0x2c, 0x0d, 0x0a, 0x20, 0x20, 0x20, 0x20, 0x69, 0x73, 0x43, 0x6f, 0x6e, 0x6e
.byte 0x65, 0x63, 0x74, 0x65, 0x64, 0x3a, 0x20, 0x66, 0x61, 0x6c, 0x73, 0x65, 0x2c, 0x0d, 0x0a, 0x20
.byte 0x20, 0x20, 0x20, 0x75, 0x70, 0x64, 0x61, 0x74, 0x65, 0x54, 0x69, 0x6d, 0x65, 0x72, 0x3a, 0x20
.byte 0x6e, 0x75, 0x6c, 0x6c, 0x2c, 0x0d, 0x0a, 0x20, 0x20, 0x20, 0x20, 0x72, 0x65, 0x66, 0x72, 0x65
.byte 0x73, 0x68, 0x44, 0x6f, 0x74, 0x41, 0x6e, 0x69, 0x6d, 0x61, 0x74, 0x69, 0x6f, 0x6e, 0x3a, 0x20
.byte 0x66, 0x61, 0x6c, 0x73, 0x65, 0x0d, 0x0a, 0x7d, 0x3b, 0x0d, 0x0a, 0x0d, 0x0a, 0x2f, 0x2f, 0x20
.byte 0x3d, 0x3d, 0x3d, 0x3d, 0x3d, 0x3d, 0x3d, 0x3d, 0x3d, 0x3d, 0x20, 0x49, 0x4e, 0x49, 0x43, 0x49
.byte 0x41, 0x4c, 0x49, 0x5a, 0x41, 0x43, 0x49, 0xc3, 0x93, 0x4e, 0x20, 0x3d, 0x3d, 0x3d, 0x3d, 0x3d
.byte 0x3d, 0x3d, 0x3d, 0x3d, 0x3d, 0x0d, 0x0a, 0x64, 0x6f, 0x63, 0x75, 0x6d, 0x65, 0x6e, 0x74, 0x2e
.byte 0x61, 0x64, 0x64, 0x45, 0x76, 0x65, 0x6e, 0x74, 0x4c, 0x69, 0x73, 0x74, 0x65, 0x6e, 0x65, 0x72
.byte 0x28, 0x27, 0x44, 0x4f, 0x4d, 0x43, 0x6f, 0x6e, 0x74, 0x65, 0x6e, 0x74, 0x4c, 0x6f, 0x61, 0x64
.byte 0x65, 0x64, 0x27, 0x2c, 0x20, 0x28, 0x29, 0x20, 0x3d, 0x3e, 0x20, 0x7b, 0x0d, 0x0a, 0x20, 0x20
.byte 0x20, 0x20, 0x63, 0x6f, 0x6e, 0x73, 0x6f, 0x6c, 0x65, 0x2e, 0x6c, 0x6f, 0x67, 0x28, 0x27, 0x49
.byte 0x6e, 0x69, 0x63, 0x69, 0x61, 0x6e, 0x64, 0x6f, 0x20, 0x61, 0x70, 0x6c, 0x69, 0x63, 0x61, 0x63
.byte 0x69, 0xc3, 0xb3, 0x6e, 0x2e, 0x2e, 0x2e, 0x27, 0x29, 0x3b, 0x0d, 0x0a, 0x20, 0x20, 0x20, 0x20
.byte 0x69, 0x6e, 0x69, 0x74, 0x69, 0x61, 0x6c, 0x69, 0x7a, 0x65, 0x45, 0x76, 0x65, 0x6e, 0x74, 0x4c
.byte 0x69, 0x73, 0x74, 0x65, 0x6e, 0x65, 0x72, 0x73, 0x28, 0x29, 0x3b, 0x0d, 0x0a, 0x20, 0x20, 0x20
.byte 0x20, 0x69, 0x6e, 0x69, 0x74, 0x69, 0x61, 0x6c, 0x69, 0x7a, 0x65, 0x52, 0x65, 0x67, 0x69, 0x73
.byte 0x74, 0x65, 0x72, 0x55, 0x49, 0x28, 0x29, 0x3b, 0x0d, 0x0a, 0x20, 0x20, 0x20, 0x20, 0x6c, 0x6f
.byte 0x61, 0x64, 0x53, 0x61, 0x76, 0x65, 0x64, 0x52, 0x65, 0x67, 0x69, 0x73, 0x74, 0x65, 0x72, 0x73
.byte 0x28, 0x29, 0x3b, 0x20, 0x20, 0x2f, 0x2f, 0x20, 0x43, 0x61, 0x72, 0x67, 0x61, 0x72, 0x20, 0x72
.byte 0x65, 0x67, 0x69, 0x73, 0x74, 0x72, 0x6f, 0x73, 0x20, 0x67, 0x75, 0x61, 0x72, 0x64, 0x61, 0x64
.byte 0x6f, 0x73, 0x0d, 0x0a, 0x20, 0x20, 0x20, 0x20, 0x73, 0x74, 0x61, 0x72, 0x74, 0x53, 0x79, 0x73
.byte 0x74, 0x65, 0x6d, 0x55, 0x70, 0x64, 0x61, 0x74, 0x65, 0x73, 0x28, 0x29, 0x3b, 0x0d, 0x0a, 0x20
.byte 0x20, 0x20, 0x20, 0x73, 0x74, 0x61, 0x72, 0x74, 0x54, 0x69, 0x6d, 0x65, 0x55, 0x70, 0x64, 0x61
.byte 0x74, 0x65, 0x73, 0x28, 0x29, 0x3b, 0x0d, 0x0a, 0x20, 0x20, 0x20, 0x20, 0x2f, 0x2f, 0x20, 0x50
.byte 0x72, 0x69, 0x6d, 0x65, 0x72, 0x61, 0x20, 0x61, 0x63, 0x74, 0x75, 0x61, 0x6c, 0x69, 0x7a, 0x61
.byte 0x63, 0x69, 0xc3, 0xb3, 0x6e, 0x20, 0x69, 0x6e, 0x6d, 0x65, 0x64, 0x69, 0x61, 0x74, 0x61, 0x0d
.byte 0x0a, 0x20, 0x20, 0x20, 0x20, 0x75, 0x70, 0x64, 0x61, 0x74, 0x65, 0x53, 0x79, 0x73, 0x74, 0x65
.byte 0x6d, 0x53, 0x74, 0x61, 0x74, 0x65, 0x28, 0x29, 0x3b, 0x0d, 0x0a, 0x7d, 0x29, 0x3b, 0x0d, 0x0a
.byte 0x0d, 0x0a, 0x2f, 0x2f, 0x20, 0x3d, 0x3d, 0x3d, 0x3d, 0x3d, 0x3d, 0x3d, 0x3d, 0x3d, 0x3d, 0x20
.byte 0x45, 0x56, 0x45, 0x4e, 0x54, 0x20, 0x4c, 0x49, 0x53, 0x54, 0x45, 0x4e, 0x45, 0x52, 0x53, 0x20
.byte 0x3d, 0x3d, 0x3d, 0x3d, 0x3d, 0x3d, 0x3d, 0x3d, 0x3d, 0x3d, 0x0d, 0x0a, 0x66, 0x75, 0x6e, 0x63
.byte 0x74, 0x69, 0x6f, 0x6e, 0x20, 0x69, 0x6e, 0x69, 0x74, 0x69, 0x61, 0x6c, 0x69, 0x7a, 0x65, 0x45
.byte 0x76, 0x65, 0x6e, 0x74, 0x4c, 0x69, 0x73, 0x74, 0x65, 0x6e, 0x65, 0x72, 0x73, 0x28, 0x29, 0x20
.byte 0x7b, 0x0d, 0x0a, 0x20, 0x20, 0x20, 0x20, 0x2f, 0x2f, 0x20, 0x4d, 0x6f, 0x64, 0x65, 0x20, 0x62
.byte 0x75, 0x74, 0x74, 0x6f, 0x6e, 0x73, 0x0d, 0x0a, 0x20, 0x20, 0x20, 0x20, 0x64, 0x6f, 0x63, 0x75
.byte 0x6d, 0x65, 0x6e, 0x74, 0x2e, 0x71, 0x75, 0x65, 0x72, 0x79, 0x53, 0x65, 0x6c, 0x65, 0x63, 0x74
.byte 0x6f, 0x72, 0x41, 0x6c, 0x6c, 0x28, 0x27, 0x2e, 0x6d, 0x6f, 0x64, 0x65, 0x2d, 0x62, 0x74, 0x6e
.byte 0x27, 0x29, 0x2e, 0x66, 0x6f, 0x72, 0x45, 0x61, 0x63, 0x68, 0x28, 0x62, 0x74, 0x6e, 0x20, 0x3d
.byte 0x3e, 0x20, 0x7b, 0x0d, 0x0a, 0x20, 0x20, 0x20, 0x20, 0x20, 0x20, 0x20, 0x20, 0x62, 0x74, 0x6e
.byte 0x2e, 0x61, 0x64, 0x64, 0x45, 0x76, 0x65, 0x6e, 0x74, 0x4c, 0x69, 0x73, 0x74, 0x65, 0x6e, 0x65
.byte 0x72, 0x28, 0x27, 0x63, 0x6c, 0x69, 0x63, 0x6b, 0x27, 0x2c, 0x20, 0x68, 0x61, 0x6e, 0x64, 0x6c
.byte 0x65, 0x4d, 0x6f, 0x64, 0x65, 0x43, 0x68, 0x61, 0x6e, 0x67, 0x65, 0x29, 0x3b, 0x0d, 0x0a, 0x20
.byte 0x20, 0x20, 0x20, 0x7d, 0x29, 0x3b, 0x0d, 0x0a, 0x0d, 0x0a, 0x20, 0x20, 0x20, 0x20, 0x2f, 0x2f
.byte 0x20, 0x4d, 0x61, 0x6e, 0x75, 0x61, 0x6c, 0x20, 0x6d, 0x6f, 0x64, 0x65, 0x0d, 0x0a, 0x20, 0x20
.byte 0x20, 0x20, 0x63, 0x6f, 0x6e, 0x73, 0x74, 0x20, 0x6d, 0x61, 0x6e, 0x75, 0x61, 0x6c, 0x53, 0x6c
.byte 0x69, 0x64, 0x65, 0x72, 0x20, 0x3d, 0x20, 0x64, 0x6f, 0x63, 0x75, 0x6d, 0x65, 0x6e, 0x74, 0x2e
.byte 0x67, 0x65, 0x74, 0x45, 0x6c, 0x65, 0x6d, 0x65, 0x6e, 0x74, 0x42, 0x79, 0x49, 0x64, 0x28, 0x27
.byte 0x6d, 0x61, 0x6e, 0x75, 0x61, 0x6c, 0x50, 0x57, 0x4d, 0x53, 0x6c, 0x69, 0x64, 0x65, 0x72, 0x27
.byte 0x29, 0x3b, 0x0d, 0x0a, 0x20, 0x20, 0x20, 0x20, 0x63, 0x6f, 0x6e, 0x73, 0x74, 0x20, 0x6d, 0x61
.byte 0x6e, 0x75, 0x61, 0x6c, 0x49, 0x6e, 0x70, 0x75, 0x74, 0x20, 0x3d, 0x20, 0x64, 0x6f, 0x63, 0x75
.byte 0x6d, 0x65, 0x6e, 0x74, 0x2e, 0x67, 0x65, 0x74, 0x45, 0x6c, 0x65, 0x6d, 0x65, 0x6e, 0x74, 0x42
.byte 0x79, 0x49, 0x64, 0x28, 0x27, 0x6d, 0x61, 0x6e, 0x75, 0x61, 0x6c, 0x50, 0x57, 0x4d, 0x49, 0x6e
.byte 0x70, 0x75, 0x74, 0x27, 0x29, 0x3b, 0x0d, 0x0a, 0x20, 0x20, 0x20, 0x20, 0x0d, 0x0a, 0x20, 0x20
.byte 0x20, 0x20, 0x69, 0x66, 0x28, 0x6d, 0x61, 0x6e, 0x75, 0x61, 0x6c, 0x53, 0x6c, 0x69, 0x64, 0x65
.byte 0x72, 0x20, 0x26, 0x26, 0x20, 0x6d, 0x61, 0x6e, 0x75, 0x61, 0x6c, 0x49, 0x6e, 0x70, 0x75, 0x74
.byte 0x29, 0x20, 0x7b, 0x0d, 0x0a, 0x20, 0x20, 0x20, 0x20, 0x20, 0x20, 0x20, 0x20, 0x6d, 0x61, 0x6e
.byte 0x75, 0x61, 0x6c, 0x53, 0x6c, 0x69, 0x64, 0x65, 0x72, 0x2e, 0x61, 0x64, 0x64, 0x45, 0x76, 0x65
.byte 0x6e, 0x74, 0x4c, 0x69, 0x73, 0x74, 0x65, 0x6e, 0x65, 0x72, 0x28, 0x27, 0x69, 0x6e, 0x70, 0x75
.byte 0x74, 0x27, 0x2c, 0x20, 0x28, 0x65, 0x29, 0x20, 0x3d, 0x3e, 0x20, 0x7b, 0x0d, 0x0a, 0x20, 0x20
.byte 0x20, 0x20, 0x20, 0x20, 0x20, 0x20, 0x20, 0x20, 0x20, 0x20, 0x6d, 0x61, 0x6e, 0x75, 0x61, 0x6c
.byte 0x49, 0x6e, 0x70, 0x75, 0x74, 0x2e, 0x76, 0x61, 0x6c, 0x75, 0x65, 0x20, 0x3d, 0x20, 0x65, 0x2e
.byte 0x74, 0x61, 0x72, 0x67, 0x65, 0x74, 0x2e, 0x76, 0x61, 0x6c, 0x75, 0x65, 0x3b, 0x0d, 0x0a, 0x20
.byte 0x20, 0x20, 0x20, 0x20, 0x20, 0x20, 0x20, 0x20, 0x20, 0x20, 0x20, 0x75, 0x70, 0x64, 0x61, 0x74
.byte 0x65, 0x4d, 0x61, 0x6e, 0x75, 0x61, 0x6c, 0x50, 0x57, 0x4d, 0x44, 0x69, 0x73, 0x70, 0x6c, 0x61
.byte 0x79, 0x28, 0x29, 0x3b, 0x0d, 0x0a, 0x20, 0x20, 0x20, 0x20, 0x20, 0x20, 0x20, 0x20, 0x7d, 0x29
.byte 0x3b, 0x0d, 0x0a, 0x0d, 0x0a, 0x20, 0x20, 0x20, 0x20, 0x20, 0x20, 0x20, 0x20, 0x6d, 0x61, 0x6e
.byte 0x75, 0x61, 0x6c, 0x49, 0x6e, 0x70, 0x75, 0x74, 0x2e, 0x61, 0x64, 0x64, 0x45, 0x76, 0x65, 0x6e
.byte 0x74, 0x4c, 0x69, 0x73, 0x74, 0x65, 0x6e, 0x65, 0x72, 0x28, 0x27, 0x69, 0x6e, 0x70, 0x75, 0x74
.byte 0x27, 0x2c, 0x20, 0x28, 0x65, 0x29, 0x20, 0x3d, 0x3e, 0x20, 0x7b, 0x0d, 0x0a, 0x20, 0x20, 0x20
.byte 0x20, 0x20, 0x20, 0x20, 0x20, 0x20, 0x20, 0x20, 0x20, 0x63, 0x6f, 0x6e, 0x73, 0x74, 0x20, 0x76
.byte 0x61, 0x6c, 0x75, 0x65, 0x20, 0x3d, 0x20, 0x4d, 0x61, 0x74, 0x68, 0x2e, 0x6d, 0x61, 0x78, 0x28
.byte 0x30, 0x2c, 0x20, 0x4d, 0x61, 0x74, 0x68, 0x2e, 0x6d, 0x69, 0x6e, 0x28, 0x31, 0x30, 0x30, 0x2c
.byte 0x20, 0x70, 0x61, 0x72, 0x73, 0x65, 0x49, 0x6e, 0x74, 0x28, 0x65, 0x2e, 0x74, 0x61, 0x72, 0x67
.byte 0x65, 0x74, 0x2e, 0x76, 0x61, 0x6c, 0x75, 0x65, 0x29, 0x20, 0x7c, 0x7c, 0x20, 0x30, 0x29, 0x29
.byte 0x3b, 0x0d, 0x0a, 0x20, 0x20, 0x20, 0x20, 0x20, 0x20, 0x20, 0x20, 0x20, 0x20, 0x20, 0x20, 0x6d
.byte 0x61, 0x6e, 0x75, 0x61, 0x6c, 0x49, 0x6e, 0x70, 0x75, 0x74, 0x2e, 0x76, 0x61, 0x6c, 0x75, 0x65
.byte 0x20, 0x3d, 0x20, 0x76, 0x61, 0x6c, 0x75, 0x65, 0x3b, 0x0d, 0x0a, 0x20, 0x20, 0x20, 0x20, 0x20
.byte 0x20, 0x20, 0x20, 0x20, 0x20, 0x20, 0x20, 0x6d, 0x61, 0x6e, 0x75, 0x61, 0x6c, 0x53, 0x6c, 0x69
.byte 0x64, 0x65, 0x72, 0x2e, 0x76, 0x61, 0x6c, 0x75, 0x65, 0x20, 0x3d, 0x20, 0x76, 0x61, 0x6c, 0x75
.byte 0x65, 0x3b, 0x0d, 0x0a, 0x20, 0x20, 0x20, 0x20, 0x20, 0x20, 0x20, 0x20, 0x20, 0x20, 0x20, 0x20
.byte 0x75, 0x70, 0x64, 0x61, 0x74, 0x65, 0x4d, 0x61, 0x6e, 0x75, 0x61, 0x6c, 0x50, 0x57, 0x4d, 0x44
.byte 0x69, 0x73, 0x70, 0x6c, 0x61, 0x79, 0x28, 0x29, 0x3b, 0x0d, 0x0a, 0x20, 0x20, 0x20, 0x20, 0x20
.byte 0x20, 0x20, 0x20, 0x7d, 0x29, 0x3b, 0x0d, 0x0a, 0x20, 0x20, 0x20, 0x20, 0x7d, 0x0d, 0x0a, 0x0d
.byte 0x0a, 0x20, 0x20, 0x20, 0x20, 0x63, 0x6f, 0x6e, 0x73, 0x74, 0x20, 0x62, 0x74, 0x6e, 0x53, 0x61
.byte 0x76, 0x65, 0x4d, 0x61, 0x6e, 0x75, 0x61, 0x6c, 0x20, 0x3d, 0x20, 0x64, 0x6f, 0x63, 0x75, 0x6d
.byte 0x65, 0x6e, 0x74, 0x2e, 0x67, 0x65, 0x74, 0x45, 0x6c, 0x65, 0x6d, 0x65, 0x6e, 0x74, 0x42, 0x79
.byte 0x49, 0x64, 0x28, 0x27, 0x62, 0x74, 0x6e, 0x53, 0x61, 0x76, 0x65, 0x4d, 0x61, 0x6e, 0x75, 0x61
.byte 0x6c, 0x27, 0x29, 0x3b, 0x0d, 0x0a, 0x20, 0x20, 0x20, 0x20, 0x69, 0x66, 0x28, 0x62, 0x74, 0x6e
.byte 0x53, 0x61, 0x76, 0x65, 0x4d, 0x61, 0x6e, 0x75, 0x61, 0x6c, 0x29, 0x20, 0x62, 0x74, 0x6e, 0x53
.byte 0x61, 0x76, 0x65, 0x4d, 0x61, 0x6e, 0x75, 0x61, 0x6c, 0x2e, 0x61, 0x64, 0x64, 0x45, 0x76, 0x65
.byte 0x6e, 0x74, 0x4c, 0x69, 0x73, 0x74, 0x65, 0x6e, 0x65, 0x72, 0x28, 0x27, 0x63, 0x6c, 0x69, 0x63
.byte 0x6b, 0x27, 0x2c, 0x20, 0x73, 0x61, 0x76, 0x65, 0x4d, 0x61, 0x6e, 0x75, 0x61, 0x6c, 0x43, 0x6f
.byte 0x6e, 0x66, 0x69, 0x67, 0x29, 0x3b, 0x0d, 0x0a, 0x0d, 0x0a, 0x20, 0x20, 0x20, 0x20, 0x2f, 0x2f
.byte 0x20, 0x41, 0x75, 0x74, 0x6f, 0x6d, 0x61, 0x74, 0x69, 0x63, 0x20, 0x6d, 0x6f, 0x64, 0x65, 0x0d
.byte 0x0a, 0x20, 0x20, 0x20, 0x20, 0x63, 0x6f, 0x6e, 0x73, 0x74, 0x20, 0x74, 0x4d, 0x69, 0x6e, 0x20
.byte 0x3d, 0x20, 0x64, 0x6f, 0x63, 0x75, 0x6d, 0x65, 0x6e, 0x74, 0x2e, 0x67, 0x65, 0x74, 0x45, 0x6c
.byte 0x65, 0x6d, 0x65, 0x6e, 0x74, 0x42, 0x79, 0x49, 0x64, 0x28, 0x27, 0x61, 0x75, 0x74, 0x6f, 0x54
.byte 0x4d, 0x69, 0x6e, 0x27, 0x29, 0x3b, 0x0d, 0x0a, 0x20, 0x20, 0x20, 0x20, 0x63, 0x6f, 0x6e, 0x73
.byte 0x74, 0x20, 0x74, 0x4d, 0x61, 0x78, 0x20, 0x3d, 0x20, 0x64, 0x6f, 0x63, 0x75, 0x6d, 0x65, 0x6e
.byte 0x74, 0x2e, 0x67, 0x65, 0x74, 0x45, 0x6c, 0x65, 0x6d, 0x65, 0x6e, 0x74, 0x42, 0x79, 0x49, 0x64
.byte 0x28, 0x27, 0x61, 0x75, 0x74, 0x6f, 0x54, 0x4d, 0x61, 0x78, 0x27, 0x29, 0x3b, 0x0d, 0x0a, 0x0d
.byte 0x0a, 0x20, 0x20, 0x20, 0x20, 0x69, 0x66, 0x28, 0x74, 0x4d, 0x69, 0x6e, 0x29, 0x20, 0x74, 0x4d
.byte 0x69, 0x6e, 0x2e, 0x61, 0x64, 0x64, 0x45, 0x76, 0x65, 0x6e, 0x74, 0x4c, 0x69, 0x73, 0x74, 0x65
.byte 0x6e, 0x65, 0x72, 0x28, 0x27, 0x69, 0x6e, 0x70, 0x75, 0x74, 0x27, 0x2c, 0x20, 0x75, 0x70, 0x64
.byte 0x61, 0x74, 0x65, 0x54, 0x65, 0x6d, 0x70, 0x52, 0x61, 0x6e, 0x67, 0x65, 0x50, 0x72, 0x65, 0x76
.byte 0x69, 0x65, 0x77, 0x29, 0x3b, 0x0d, 0x0a, 0x20, 0x20, 0x20, 0x20, 0x69, 0x66, 0x28, 0x74, 0x4d
.byte 0x61, 0x78, 0x29, 0x20, 0x74, 0x4d, 0x61, 0x78, 0x2e, 0x61, 0x64, 0x64, 0x45, 0x76, 0x65, 0x6e
.byte 0x74, 0x4c, 0x69, 0x73, 0x74, 0x65, 0x6e, 0x65, 0x72, 0x28, 0x27, 0x69, 0x6e, 0x70, 0x75, 0x74
.byte 0x27, 0x2c, 0x20, 0x75, 0x70, 0x64, 0x61, 0x74, 0x65, 0x54, 0x65, 0x6d, 0x70, 0x52, 0x61, 0x6e
.byte 0x67, 0x65, 0x50, 0x72, 0x65, 0x76, 0x69, 0x65, 0x77, 0x29, 0x3b, 0x0d, 0x0a, 0x0d, 0x0a, 0x20
.byte 0x20, 0x20, 0x20, 0x63, 0x6f, 0x6e, 0x73, 0x74, 0x20, 0x62, 0x74, 0x6e, 0x53, 0x61, 0x76, 0x65
.byte 0x41, 0x75, 0x74, 0x6f, 0x20, 0x3d, 0x20, 0x64, 0x6f, 0x63, 0x75, 0x6d, 0x65, 0x6e, 0x74, 0x2e
.byte 0x67, 0x65, 0x74, 0x45, 0x6c, 0x65, 0x6d, 0x65, 0x6e, 0x74, 0x42, 0x79, 0x49, 0x64, 0x28, 0x27
.byte 0x62, 0x74, 0x6e, 0x53, 0x61, 0x76, 0x65, 0x41, 0x75, 0x74, 0x6f, 0x27, 0x29, 0x3b, 0x0d, 0x0a
.byte 0x20, 0x20, 0x20, 0x20, 0x69, 0x66, 0x28, 0x62, 0x74, 0x6e, 0x53, 0x61, 0x76, 0x65, 0x41, 0x75
.byte 0x74, 0x6f, 0x29, 0x20, 0x62, 0x74, 0x6e, 0x53, 0x61, 0x76, 0x65, 0x41, 0x75, 0x74, 0x6f, 0x2e
.byte 0x61, 0x64, 0x64, 0x45, 0x76, 0x65, 0x6e, 0x74, 0x4c, 0x69, 0x73, 0x74, 0x65, 0x6e, 0x65, 0x72
.byte 0x28, 0x27, 0x63, 0x6c, 0x69, 0x63, 0x6b, 0x27, 0x2c, 0x20, 0x73, 0x61, 0x76, 0x65, 0x41, 0x75
.byte 0x74, 0x6f, 0x43, 0x6f, 0x6e, 0x66, 0x69, 0x67, 0x29, 0x3b, 0x0d, 0x0a, 0x0d, 0x0a, 0x20, 0x20
.byte 0x20, 0x20, 0x2f, 0x2f, 0x20, 0x50, 0x72, 0x6f, 0x67, 0x72, 0x61, 0x6d, 0x6d, 0x65, 0x64, 0x20
.byte 0x6d, 0x6f, 0x64, 0x65, 0x0d, 0x0a, 0x20, 0x20, 0x20, 0x20, 0x63, 0x6f, 0x6e, 0x73, 0x74, 0x20
.byte 0x62, 0x74, 0x6e, 0x53, 0x61, 0x76, 0x65, 0x50, 0x72, 0x6f, 0x67, 0x72, 0x61, 0x6d, 0x6d, 0x65
.byte 0x64, 0x20, 0x3d, 0x20, 0x64, 0x6f, 0x63, 0x75, 0x6d, 0x65, 0x6e, 0x74, 0x2e, 0x67, 0x65, 0x74
.byte 0x45, 0x6c, 0x65, 0x6d, 0x65, 0x6e, 0x74, 0x42, 0x79, 0x49, 0x64, 0x28, 0x27, 0x62, 0x74, 0x6e
.byte 0x53, 0x61, 0x76, 0x65, 0x50, 0x72, 0x6f, 0x67, 0x72, 0x61, 0x6d, 0x6d, 0x65, 0x64, 0x27, 0x29
.byte 0x3b, 0x0d, 0x0a, 0x20, 0x20, 0x20, 0x20, 0x69, 0x66, 0x28, 0x62, 0x74, 0x6e, 0x53, 0x61, 0x76
.byte 0x65, 0x50, 0x72, 0x6f, 0x67, 0x72, 0x61, 0x6d, 0x6d, 0x65, 0x64, 0x29, 0x20, 0x62, 0x74, 0x6e
.byte 0x53, 0x61, 0x76, 0x65, 0x50, 0x72, 0x6f, 0x67, 0x72, 0x61, 0x6d, 0x6d, 0x65, 0x64, 0x2e, 0x61
.byte 0x64, 0x64, 0x45, 0x76, 0x65, 0x6e, 0x74, 0x4c, 0x69, 0x73, 0x74, 0x65, 0x6e, 0x65, 0x72, 0x28
.byte 0x27, 0x63, 0x6c, 0x69, 0x63, 0x6b, 0x27, 0x2c, 0x20, 0x73, 0x61, 0x76, 0x65, 0x50, 0x72, 0x6f
.byte 0x67, 0x72, 0x61, 0x6d, 0x6d, 0x65, 0x64, 0x43, 0x6f, 0x6e, 0x66, 0x69, 0x67, 0x29, 0x3b, 0x0d
.byte 0x0a, 0x0d, 0x0a, 0x20, 0x20, 0x20, 0x20, 0x2f, 0x2f, 0x20, 0x4f, 0x54, 0x41, 0x0d, 0x0a, 0x20
.byte 0x20, 0x20, 0x20, 0x63, 0x6f, 0x6e, 0x73, 0x74, 0x20, 0x66, 0x69, 0x6c, 0x65, 0x49, 0x6e, 0x70
.byte 0x75, 0x74, 0x20, 0x3d, 0x20, 0x64, 0x6f, 0x63, 0x75, 0x6d, 0x65, 0x6e, 0x74, 0x2e, 0x67, 0x65
.byte 0x74, 0x45, 0x6c, 0x65, 0x6d, 0x65, 0x6e, 0x74, 0x42, 0x79, 0x49, 0x64, 0x28, 0x27, 0x66, 0x69
.byte 0x72, 0x6d, 0x77, 0x61, 0x72, 0x65, 0x46, 0x69, 0x6c, 0x65, 0x27, 0x29, 0x3b, 0x0d, 0x0a, 0x20
.byte 0x20, 0x20, 0x20, 0x69, 0x66, 0x28, 0x66, 0x69, 0x6c, 0x65, 0x49, 0x6e, 0x70, 0x75, 0x74, 0x29
.byte 0x20, 0x66, 0x69, 0x6c, 0x65, 0x49, 0x6e, 0x70, 0x75, 0x74, 0x2e, 0x61, 0x64, 0x64, 0x45, 0x76
.byte 0x65, 0x6e, 0x74, 0x4c, 0x69, 0x73, 0x74, 0x65, 0x6e, 0x65, 0x72, 0x28, 0x27, 0x63, 0x68, 0x61
.byte 0x6e, 0x67, 0x65, 0x27, 0x2c, 0x20, 0x68, 0x61, 0x6e, 0x64, 0x6c, 0x65, 0x46, 0x69, 0x6c, 0x65
.byte 0x53, 0x65, 0x6c, 0x65, 0x63, 0x74, 0x29, 0x3b, 0x0d, 0x0a, 0x20, 0x20, 0x20, 0x20, 0x0d, 0x0a
.byte 0x20, 0x20, 0x20, 0x20, 0x63, 0x6f, 0x6e, 0x73, 0x74, 0x20, 0x62, 0x74, 0x6e, 0x53, 0x65, 0x6e
.byte 0x64, 0x46, 0x69, 0x72, 0x6d, 0x77, 0x61, 0x72, 0x65, 0x20, 0x3d, 0x20, 0x64, 0x6f, 0x63, 0x75
.byte 0x6d, 0x65, 0x6e, 0x74, 0x2e, 0x67, 0x65, 0x74, 0x45, 0x6c, 0x65, 0x6d, 0x65, 0x6e, 0x74, 0x42
.byte 0x79, 0x49, 0x64, 0x28, 0x27, 0x62, 0x74, 0x6e, 0x53, 0x65, 0x6e, 0x64, 0x46, 0x69, 0x72, 0x6d
.byte 0x77, 0x61, 0x72, 0x65, 0x27, 0x29, 0x3b, 0x0d, 0x0a, 0x20, 0x20, 0x20, 0x20, 0x69, 0x66, 0x28
.byte 0x62, 0x74, 0x6e, 0x53, 0x65, 0x6e, 0x64, 0x46, 0x69, 0x72, 0x6d, 0x77, 0x61, 0x72, 0x65, 0x29
.byte 0x20, 0x62, 0x74, 0x6e, 0x53, 0x65, 0x6e, 0x64, 0x46, 0x69, 0x72, 0x6d, 0x77, 0x61, 0x72, 0x65
.byte 0x2e, 0x61, 0x64, 0x64, 0x45, 0x76, 0x65, 0x6e, 0x74, 0x4c, 0x69, 0x73, 0x74, 0x65, 0x6e, 0x65
.byte 0x72, 0x28, 0x27, 0x63, 0x6c, 0x69, 0x63, 0x6b, 0x27, 0x2c, 0x20, 0x73, 0x65, 0x6e, 0x64, 0x46
.byte 0x69, 0x72, 0x6d, 0x77, 0x61, 0x72, 0x65, 0x29, 0x3b, 0x0d, 0x0a, 0x7d, 0x0d, 0x0a, 0x0d, 0x0a
.byte 0x2f, 0x2f, 0x20, 0x3d, 0x3d, 0x3d, 0x3d, 0x3d, 0x3d, 0x3d, 0x3d, 0x3d, 0x3d, 0x20, 0x4d, 0x4f
.byte 0x44, 0x45, 0x20, 0x4d, 0x41, 0x4e, 0x41, 0x47, 0x45, 0x4d, 0x45, 0x4e, 0x54, 0x20, 0x3d, 0x3d
.byte 0x3d, 0x3d, 0x3d, 0x3d, 0x3d, 0x3d, 0x3d, 0x3d, 0x0d, 0x0a, 0x66, 0x75, 0x6e, 0x63, 0x74, 0x69
.byte 0x6f, 0x6e, 0x20, 0x68, 0x61, 0x6e, 0x64, 0x6c, 0x65, 0x4d, 0x6f, 0x64, 0x65, 0x43, 0x68, 0x61
.byte 0x6e, 0x67, 0x65, 0x28, 0x65, 0x29, 0x20, 0x7b, 0x0d, 0x0a, 0x20, 0x20, 0x20, 0x20, 0x63, 0x6f
.byte 0x6e, 0x73, 0x74, 0x20, 0x6d, 0x6f, 0x64, 0x65, 0x4e, 0x75, 0x6d, 0x20, 0x3d, 0x20, 0x70, 0x61
.byte 0x72, 0x73, 0x65, 0x49, 0x6e, 0x74, 0x28, 0x65, 0x2e, 0x63, 0x75, 0x72, 0x72, 0x65, 0x6e, 0x74
.byte 0x54, 0x61, 0x72, 0x67, 0x65, 0x74, 0x2e, 0x64, 0x61, 0x74, 0x61, 0x73, 0x65, 0x74, 0x2e, 0x6d
.byte 0x6f, 0x64, 0x65, 0x29, 0x3b, 0x0d, 0x0a, 0x20, 0x20, 0x20, 0x20, 0x0d, 0x0a, 0x20, 0x20, 0x20
.byte 0x20, 0x2f, 0x2f, 0x20, 0x55, 0x70, 0x64, 0x61, 0x74, 0x65, 0x20, 0x62, 0x75, 0x74, 0x74, 0x6f
.byte 0x6e, 0x20, 0x73, 0x74, 0x61, 0x74, 0x65, 0x73, 0x20, 0x76, 0x69, 0x73, 0x75, 0x61, 0x6c, 0x6d
.byte 0x65, 0x6e, 0x74, 0x65, 0x0d, 0x0a, 0x20, 0x20, 0x20, 0x20, 0x64, 0x6f, 0x63, 0x75, 0x6d, 0x65
.byte 0x6e, 0x74, 0x2e, 0x71, 0x75, 0x65, 0x72, 0x79, 0x53, 0x65, 0x6c, 0x65, 0x63, 0x74, 0x6f, 0x72
.byte 0x41, 0x6c, 0x6c, 0x28, 0x27, 0x2e, 0x6d, 0x6f, 0x64, 0x65, 0x2d, 0x62, 0x74, 0x6e, 0x27, 0x29
.byte 0x2e, 0x66, 0x6f, 0x72, 0x45, 0x61, 0x63, 0x68, 0x28, 0x62, 0x74, 0x6e, 0x20, 0x3d, 0x3e, 0x20
.byte 0x7b, 0x0d, 0x0a, 0x20, 0x20, 0x20, 0x20, 0x20, 0x20, 0x20, 0x20, 0x62, 0x74, 0x6e, 0x2e, 0x63
.byte 0x6c, 0x61, 0x73, 0x73, 0x4c, 0x69, 0x73, 0x74, 0x2e, 0x72, 0x65, 0x6d, 0x6f, 0x76, 0x65, 0x28
.byte 0x27, 0x61, 0x63, 0x74, 0x69, 0x76, 0x65, 0x27, 0x29, 0x3b, 0x0d, 0x0a, 0x20, 0x20, 0x20, 0x20
.byte 0x7d, 0x29, 0x3b, 0x0d, 0x0a, 0x20, 0x20, 0x20, 0x20, 0x65, 0x2e, 0x63, 0x75, 0x72, 0x72, 0x65
.byte 0x6e, 0x74, 0x54, 0x61, 0x72, 0x67, 0x65, 0x74, 0x2e, 0x63, 0x6c, 0x61, 0x73, 0x73, 0x4c, 0x69
.byte 0x73, 0x74, 0x2e, 0x61, 0x64, 0x64, 0x28, 0x27, 0x61, 0x63, 0x74, 0x69, 0x76, 0x65, 0x27, 0x29
.byte 0x3b, 0x0d, 0x0a, 0x0d, 0x0a, 0x20, 0x20, 0x20, 0x20, 0x2f, 0x2f, 0x20, 0x55, 0x70, 0x64, 0x61
.byte 0x74, 0x65, 0x20, 0x63, 0x6f, 0x6e, 0x66, 0x69, 0x67, 0x20, 0x70, 0x61, 0x6e, 0x65, 0x6c, 0x73
.byte 0x0d, 0x0a, 0x20, 0x20, 0x20, 0x20, 0x64, 0x6f, 0x63, 0x75, 0x6d, 0x65, 0x6e, 0x74, 0x2e, 0x71
.byte 0x75, 0x65, 0x72, 0x79, 0x53, 0x65, 0x6c, 0x65, 0x63, 0x74, 0x6f, 0x72, 0x41, 0x6c, 0x6c, 0x28
.byte 0x27, 0x2e, 0x6d, 0x6f, 0x64, 0x65, 0x2d, 0x63, 0x6f, 0x6e, 0x66, 0x69, 0x67, 0x27, 0x29, 0x2e
.byte 0x66, 0x6f, 0x72, 0x45, 0x61, 0x63, 0x68, 0x28, 0x63, 0x6f, 0x6e, 0x66, 0x69, 0x67, 0x20, 0x3d
.byte 0x3e, 0x20, 0x7b, 0x0d, 0x0a, 0x20, 0x20, 0x20, 0x20, 0x20, 0x20, 0x20, 0x20, 0x63, 0x6f, 0x6e
.byte 0x66, 0x69, 0x67, 0x2e, 0x63, 0x6c, 0x61, 0x73, 0x73, 0x4c, 0x69, 0x73, 0x74, 0x2e, 0x72, 0x65
.byte 0x6d, 0x6f, 0x76, 0x65, 0x28, 0x27, 0x61, 0x63, 0x74, 0x69, 0x76, 0x65, 0x27, 0x29, 0x3b, 0x0d
.byte 0x0a, 0x20, 0x20, 0x20, 0x20, 0x7d, 0x29, 0x3b, 0x0d, 0x0a, 0x20, 0x20, 0x20, 0x20, 0x0d, 0x0a
.byte 0x20, 0x20, 0x20, 0x20, 0x63, 0x6f, 0x6e, 0x73, 0x74, 0x20, 0x6d, 0x61, 0x6e, 0x75, 0x61, 0x6c
.byte 0x43, 0x6f, 0x6e, 0x66, 0x69, 0x67, 0x20, 0x3d, 0x20, 0x64, 0x6f, 0x63, 0x75, 0x6d, 0x65, 0x6e
.byte 0x74, 0x2e, 0x67, 0x65, 0x74, 0x45, 0x6c, 0x65, 0x6d, 0x65, 0x6e, 0x74, 0x42, 0x79, 0x49, 0x64
.byte 0x28, 0x60, 0x6d, 0x6f, 0x64, 0x65, 0x43, 0x6f, 0x6e, 0x66, 0x69, 0x67, 0x4d, 0x61, 0x6e, 0x75
.byte 0x61, 0x6c, 0x60, 0x29, 0x3b, 0x0d, 0x0a, 0x20, 0x20, 0x20, 0x20, 0x63, 0x6f, 0x6e, 0x73, 0x74
.byte 0x20, 0x61, 0x75, 0x74, 0x6f, 0x43, 0x6f, 0x6e, 0x66, 0x69, 0x67, 0x20, 0x3d, 0x20, 0x64, 0x6f
.byte 0x63, 0x75, 0x6d, 0x65, 0x6e, 0x74, 0x2e, 0x67, 0x65, 0x74, 0x45, 0x6c, 0x65, 0x6d, 0x65, 0x6e
.byte 0x74, 0x42, 0x79, 0x49, 0x64, 0x28, 0x60, 0x6d, 0x6f, 0x64, 0x65, 0x43, 0x6f, 0x6e, 0x66, 0x69
.byte 0x67, 0x41, 0x75, 0x74, 0x6f, 0x60, 0x29, 0x3b, 0x0d, 0x0a, 0x20, 0x20, 0x20, 0x20, 0x63, 0x6f
.byte 0x6e, 0x73, 0x74, 0x20, 0x70, 0x72, 0x6f, 0x67, 0x43, 0x6f, 0x6e, 0x66, 0x69, 0x67, 0x20, 0x3d
.byte 0x20, 0x64, 0x6f, 0x63, 0x75, 0x6d, 0x65, 0x6e, 0x74, 0x2e, 0x67, 0x65, 0x74, 0x45, 0x6c, 0x65
.byte 0x6d, 0x65, 0x6e, 0x74, 0x42, 0x79, 0x49, 0x64, 0x28, 0x60, 0x6d, 0x6f, 0x64, 0x65, 0x43, 0x6f
.byte 0x6e, 0x66, 0x69, 0x67, 0x50, 0x72, 0x6f, 0x67, 0x72, 0x61, 0x6d, 0x6d, 0x65, 0x64, 0x60, 0x29
.byte 0x3b, 0x0d, 0x0a, 0x0d, 0x0a, 0x20, 0x20, 0x20, 0x20, 0x69, 0x66, 0x28, 0x6d, 0x61, 0x6e, 0x75
.byte 0x61, 0x6c, 0x43, 0x6f, 0x6e, 0x66, 0x69, 0x67, 0x29, 0x20, 0x6d, 0x61, 0x6e, 0x75, 0x61, 0x6c
.byte 0x43, 0x6f, 0x6e, 0x66, 0x69, 0x67, 0x2e, 0x63, 0x6c, 0x61, 0x73, 0x73, 0x4c, 0x69, 0x73, 0x74
.byte 0x2e, 0x74, 0x6f, 0x67, 0x67, 0x6c, 0x65, 0x28, 0x27, 0x61, 0x63, 0x74, 0x69, 0x76, 0x65, 0x27
.byte 0x2c, 0x20, 0x6d, 0x6f, 0x64, 0x65, 0x4e, 0x75, 0x6d, 0x20, 0x3d, 0x3d, 0x3d, 0x20, 0x30, 0x29
.byte 0x3b, 0x0d, 0x0a, 0x20, 0x20, 0x20, 0x20, 0x69, 0x66, 0x28, 0x61, 0x75, 0x74, 0x6f, 0x43, 0x6f
.byte 0x6e, 0x66, 0x69, 0x67, 0x29, 0x20, 0x61, 0x75, 0x74, 0x6f, 0x43, 0x6f, 0x6e, 0x66, 0x69, 0x67
.byte 0x2e, 0x63, 0x6c, 0x61, 0x73, 0x73, 0x4c, 0x69, 0x73, 0x74, 0x2e, 0x74, 0x6f, 0x67, 0x67, 0x6c
.byte 0x65, 0x28, 0x27, 0x61, 0x63, 0x74, 0x69, 0x76, 0x65, 0x27, 0x2c, 0x20, 0x6d, 0x6f, 0x64, 0x65
.byte 0x4e, 0x75, 0x6d, 0x20, 0x3d, 0x3d, 0x3d, 0x20, 0x31, 0x29, 0x3b, 0x0d, 0x0a, 0x20, 0x20, 0x20
.byte 0x20, 0x69, 0x66, 0x28, 0x70, 0x72, 0x6f, 0x67, 0x43, 0x6f, 0x6e, 0x66, 0x69, 0x67, 0x29, 0x20
.byte 0x70, 0x72, 0x6f, 0x67, 0x43, 0x6f, 0x6e, 0x66, 0x69, 0x67, 0x2e, 0x63, 0x6c, 0x61, 0x73, 0x73
.byte 0x4c, 0x69, 0x73, 0x74, 0x2e, 0x74, 0x6f, 0x67, 0x67, 0x6c, 0x65, 0x28, 0x27, 0x61, 0x63, 0x74
.byte 0x69, 0x76, 0x65, 0x27, 0x2c, 0x20, 0x6d, 0x6f, 0x64, 0x65, 0x4e, 0x75, 0x6d, 0x20, 0x3d, 0x3d
.byte 0x3d, 0x20, 0x32, 0x29, 0x3b, 0x0d, 0x0a, 0x0d, 0x0a, 0x20, 0x20, 0x20, 0x20, 0x2f, 0x2f, 0x20
.byte 0x53, 0x61, 0x76, 0x65, 0x20, 0x6d, 0x6f, 0x64, 0x65, 0x20, 0x74, 0x6f, 0x20, 0x45, 0x53, 0x50
.byte 0x33, 0x32, 0x0d, 0x0a, 0x20, 0x20, 0x20, 0x20, 0x73, 0x65, 0x74, 0x53, 0x79, 0x73, 0x74, 0x65
.byte 0x6d, 0x4d, 0x6f, 0x64, 0x65, 0x28, 0x6d, 0x6f, 0x64, 0x65, 0x4e, 0x75, 0x6d, 0x29, 0x3b, 0x0d
.byte 0x0a, 0x7d, 0x0d, 0x0a, 0x0d, 0x0a, 0x61, 0x73, 0x79, 0x6e, 0x63, 0x20, 0x66, 0x75, 0x6e, 0x63
.byte 0x74, 0x69, 0x6f, 0x6e, 0x20, 0x73, 0x65, 0x74, 0x53, 0x79, 0x73, 0x74, 0x65, 0x6d, 0x4d, 0x6f
.byte 0x64, 0x65, 0x28, 0x6d, 0x6f, 0x64, 0x65, 0x29, 0x20, 0x7b, 0x0d, 0x0a, 0x20, 0x20, 0x20, 0x20
.byte 0x74, 0x72, 0x79, 0x20, 0x7b, 0x0d, 0x0a, 0x20, 0x20, 0x20, 0x20, 0x20, 0x20, 0x20, 0x20, 0x63
.byte 0x6f, 0x6e, 0x73, 0x74, 0x20, 0x72, 0x65, 0x73, 0x70, 0x6f, 0x6e, 0x73, 0x65, 0x20, 0x3d, 0x20
.byte 0x61, 0x77, 0x61, 0x69, 0x74, 0x20, 0x66, 0x65, 0x74, 0x63, 0x68, 0x28, 0x43, 0x4f, 0x4e, 0x46
.byte 0x49, 0x47, 0x2e, 0x41, 0x50, 0x49, 0x5f, 0x45, 0x4e, 0x44, 0x50, 0x4f, 0x49, 0x4e, 0x54, 0x53
.byte 0x2e, 0x53, 0x45, 0x54, 0x5f, 0x4d, 0x4f, 0x44, 0x45, 0x2c, 0x20, 0x7b, 0x0d, 0x0a, 0x20, 0x20
.byte 0x20, 0x20, 0x20, 0x20, 0x20, 0x20, 0x20, 0x20, 0x20, 0x20, 0x6d, 0x65, 0x74, 0x68, 0x6f, 0x64
.byte 0x3a, 0x20, 0x27, 0x50, 0x4f, 0x53, 0x54, 0x27, 0x2c, 0x0d, 0x0a, 0x20, 0x20, 0x20, 0x20, 0x20
.byte 0x20, 0x20, 0x20, 0x20, 0x20, 0x20, 0x20, 0x68, 0x65, 0x61, 0x64, 0x65, 0x72, 0x73, 0x3a, 0x20
.byte 0x7b, 0x20, 0x27, 0x43, 0x6f, 0x6e, 0x74, 0x65, 0x6e, 0x74, 0x2d, 0x54, 0x79, 0x70, 0x65, 0x27
.byte 0x3a, 0x20, 0x27, 0x61, 0x70, 0x70, 0x6c, 0x69, 0x63, 0x61, 0x74, 0x69, 0x6f, 0x6e, 0x2f, 0x6a
.byte 0x73, 0x6f, 0x6e, 0x27, 0x20, 0x7d, 0x2c, 0x0d, 0x0a, 0x20, 0x20, 0x20, 0x20, 0x20, 0x20, 0x20
.byte 0x20, 0x20, 0x20, 0x20, 0x20, 0x62, 0x6f, 0x64, 0x79, 0x3a, 0x20, 0x4a, 0x53, 0x4f, 0x4e, 0x2e
.byte 0x73, 0x74, 0x72, 0x69, 0x6e, 0x67, 0x69, 0x66, 0x79, 0x28, 0x7b, 0x20, 0x6d, 0x6f, 0x64, 0x65
.byte 0x3a, 0x20, 0x6d, 0x6f, 0x64, 0x65, 0x20, 0x7d, 0x29, 0x0d, 0x0a, 0x20, 0x20, 0x20, 0x20, 0x20
.byte 0x20, 0x20, 0x20, 0x7d, 0x29, 0x3b, 0x0d, 0x0a, 0x0d, 0x0a, 0x20, 0x20, 0x20, 0x20, 0x20, 0x20
.byte 0x20, 0x20, 0x69, 0x66, 0x20, 0x28, 0x21, 0x72, 0x65, 0x73, 0x70, 0x6f, 0x6e, 0x73, 0x65, 0x2e
.byte 0x6f, 0x6b, 0x29, 0x20, 0x7b, 0x0d, 0x0a, 0x20, 0x20, 0x20, 0x20, 0x20, 0x20, 0x20, 0x20, 0x20
.byte 0x20, 0x20, 0x20, 0x74, 0x68, 0x72, 0x6f, 0x77, 0x20, 0x6e, 0x65, 0x77, 0x20, 0x45, 0x72, 0x72
.byte 0x6f, 0x72, 0x28, 0x60, 0x45, 0x72, 0x72, 0x6f, 0x72, 0x3a, 0x20, 0x24, 0x7b, 0x72, 0x65, 0x73
.byte 0x70, 0x6f, 0x6e, 0x73, 0x65, 0x2e, 0x73, 0x74, 0x61, 0x74, 0x75, 0x73, 0x7d, 0x60, 0x29, 0x3b
.byte 0x0d, 0x0a, 0x20, 0x20, 0x20, 0x20, 0x20, 0x20, 0x20, 0x20, 0x7d, 0x0d, 0x0a, 0x0d, 0x0a, 0x20
.byte 0x20, 0x20, 0x20, 0x20, 0x20, 0x20, 0x20, 0x53, 0x54, 0x41, 0x54, 0x45, 0x2e, 0x63, 0x75, 0x72
.byte 0x72, 0x65, 0x6e, 0x74, 0x4d, 0x6f, 0x64, 0x65, 0x20, 0x3d, 0x20, 0x6d, 0x6f, 0x64, 0x65, 0x3b
.byte 0x0d, 0x0a, 0x20, 0x20, 0x20, 0x20, 0x20, 0x20, 0x20, 0x20, 0x63, 0x6f, 0x6e, 0x73, 0x6f, 0x6c
.byte 0x65, 0x2e, 0x6c, 0x6f, 0x67, 0x28, 0x60, 0x4d, 0x6f, 0x64, 0x6f, 0x20, 0x63, 0x61, 0x6d, 0x62
.byte 0x69, 0x61, 0x64, 0x6f, 0x20, 0x61, 0x3a, 0x20, 0x24, 0x7b, 0x43, 0x4f, 0x4e, 0x46, 0x49, 0x47
.byte 0x2e, 0x4d, 0x4f, 0x44, 0x45, 0x5f, 0x4e, 0x41, 0x4d, 0x45, 0x53, 0x5b, 0x6d, 0x6f, 0x64, 0x65
.byte 0x5d, 0x7d, 0x60, 0x29, 0x3b, 0x0d, 0x0a, 0x20, 0x20, 0x20, 0x20, 0x20, 0x20, 0x20, 0x20, 0x2f
.byte 0x2f, 0x20, 0x41, 0x63, 0x74, 0x75, 0x61, 0x6c, 0x69, 0x7a, 0x61, 0x72, 0x20, 0x55, 0x49, 0x20
.byte 0x70, 0x61, 0x72, 0x61, 0x20, 0x72, 0x65, 0x66, 0x6c, 0x65, 0x6a, 0x61, 0x72, 0x20, 0x65, 0x6c
.byte 0x20, 0x63, 0x61, 0x6d, 0x62, 0x69, 0x6f, 0x20, 0x63, 0x6f, 0x6e, 0x66, 0x69, 0x72, 0x6d, 0x61
.byte 0x64, 0x6f, 0x0d, 0x0a, 0x20, 0x20, 0x20, 0x20, 0x20, 0x20, 0x20, 0x20, 0x75, 0x70, 0x64, 0x61
.byte 0x74, 0x65, 0x4d, 0x6f, 0x64, 0x65, 0x44, 0x69, 0x73, 0x70, 0x6c, 0x61, 0x79, 0x28, 0x29, 0x3b
.byte 0x0d, 0x0a, 0x20, 0x20, 0x20, 0x20, 0x7d, 0x20, 0x63, 0x61, 0x74, 0x63, 0x68, 0x20, 0x28, 0x65
.byte 0x72, 0x72, 0x6f, 0x72, 0x29, 0x20, 0x7b, 0x0d, 0x0a, 0x20, 0x20, 0x20, 0x20, 0x20, 0x20, 0x20
.byte 0x20, 0x63, 0x6f, 0x6e, 0x73, 0x6f, 0x6c, 0x65, 0x2e, 0x77, 0x61, 0x72, 0x6e, 0x28, 0x27, 0x45
.byte 0x72, 0x72, 0x6f, 0x72, 0x20, 0x61, 0x6c, 0x20, 0x63, 0x61, 0x6d, 0x62, 0x69, 0x61, 0x72, 0x20
.byte 0x6d, 0x6f, 0x64, 0x6f, 0x3a, 0x27, 0x2c, 0x20, 0x65, 0x72, 0x72, 0x6f, 0x72, 0x29, 0x3b, 0x0d
.byte 0x0a, 0x20, 0x20, 0x20, 0x20, 0x7d, 0x0d, 0x0a, 0x7d, 0x0d, 0x0a, 0x0d, 0x0a, 0x2f, 0x2f, 0x20
.byte 0x3d, 0x3d, 0x3d, 0x3d, 0x3d, 0x3d, 0x3d, 0x3d, 0x3d, 0x3d, 0x20, 0x4d, 0x41, 0x4e, 0x55, 0x41
.byte 0x4c, 0x20, 0x4d, 0x4f, 0x44, 0x45, 0x20, 0x3d, 0x3d, 0x3d, 0x3d, 0x3d, 0x3d, 0x3d, 0x3d, 0x3d
.byte 0x3d, 0x0d, 0x0a, 0x66, 0x75, 0x6e, 0x63, 0x74, 0x69, 0x6f, 0x6e, 0x20, 0x75, 0x70, 0x64, 0x61
.byte 0x74, 0x65, 0x4d, 0x61, 0x6e, 0x75, 0x61, 0x6c, 0x50, 0x57, 0x4d, 0x44, 0x69, 0x73, 0x70, 0x6c
.byte 0x61, 0x79, 0x28, 0x29, 0x20, 0x7b, 0x0d, 0x0a, 0x20, 0x20, 0x20, 0x20, 0x63, 0x6f, 0x6e, 0x73
.byte 0x74, 0x20, 0x73, 0x6c, 0x69, 0x64, 0x65, 0x72, 0x20, 0x3d, 0x20, 0x64, 0x6f, 0x63, 0x75, 0x6d
.byte 0x65, 0x6e, 0x74, 0x2e, 0x67, 0x65, 0x74, 0x45, 0x6c, 0x65, 0x6d, 0x65, 0x6e, 0x74, 0x42, 0x79
.byte 0x49, 0x64, 0x28, 0x27, 0x6d, 0x61, 0x6e, 0x75, 0x61, 0x6c, 0x50, 0x57, 0x4d, 0x53, 0x6c, 0x69
.byte 0x64, 0x65, 0x72, 0x27, 0x29, 0x3b, 0x0d, 0x0a, 0x20, 0x20, 0x20, 0x20, 0x63, 0x6f, 0x6e, 0x73
.byte 0x74, 0x20, 0x70, 0x77, 0x6d, 0x46, 0x69, 0x6c, 0x6c, 0x20, 0x3d, 0x20, 0x64, 0x6f, 0x63, 0x75
.byte 0x6d, 0x65, 0x6e, 0x74, 0x2e, 0x67, 0x65, 0x74, 0x45, 0x6c, 0x65, 0x6d, 0x65, 0x6e, 0x74, 0x42
.byte 0x79, 0x49, 0x64, 0x28, 0x27, 0x70, 0x77, 0x6d, 0x46, 0x69, 0x6c, 0x6c, 0x27, 0x29, 0x3b, 0x0d
.byte 0x0a, 0x20, 0x20, 0x20, 0x20, 0x69, 0x66, 0x28, 0x73, 0x6c, 0x69, 0x64, 0x65, 0x72, 0x20, 0x26
.byte 0x26, 0x20, 0x70, 0x77, 0x6d, 0x46, 0x69, 0x6c, 0x6c, 0x29, 0x20, 0x7b, 0x0d, 0x0a, 0x20, 0x20
.byte 0x20, 0x20, 0x20, 0x20, 0x20, 0x20, 0x63, 0x6f, 0x6e, 0x73, 0x74, 0x20, 0x76, 0x61, 0x6c, 0x75
.byte 0x65, 0x20, 0x3d, 0x20, 0x70, 0x61, 0x72, 0x73, 0x65, 0x49, 0x6e, 0x74, 0x28, 0x73, 0x6c, 0x69
.byte 0x64, 0x65, 0x72, 0x2e, 0x76, 0x61, 0x6c, 0x75, 0x65, 0x29, 0x3b, 0x0d, 0x0a, 0x20, 0x20, 0x20
.byte 0x20, 0x20, 0x20, 0x20, 0x20, 0x70, 0x77, 0x6d, 0x46, 0x69, 0x6c, 0x6c, 0x2e, 0x73, 0x74, 0x79
.byte 0x6c, 0x65, 0x2e, 0x77, 0x69, 0x64, 0x74, 0x68, 0x20, 0x3d, 0x20, 0x76, 0x61, 0x6c, 0x75, 0x65
.byte 0x20, 0x2b, 0x20, 0x27, 0x25, 0x27, 0x3b, 0x0d, 0x0a, 0x20, 0x20, 0x20, 0x20, 0x7d, 0x0d, 0x0a
.byte 0x7d, 0x0d, 0x0a, 0x0d, 0x0a, 0x61, 0x73, 0x79, 0x6e, 0x63, 0x20, 0x66, 0x75, 0x6e, 0x63, 0x74
.byte 0x69, 0x6f, 0x6e, 0x20, 0x73, 0x61, 0x76, 0x65, 0x4d, 0x61, 0x6e, 0x75, 0x61, 0x6c, 0x43, 0x6f
.byte 0x6e, 0x66, 0x69, 0x67, 0x28, 0x29, 0x20, 0x7b, 0x0d, 0x0a, 0x20, 0x20, 0x20, 0x20, 0x63, 0x6f
.byte 0x6e, 0x73, 0x74, 0x20, 0x69, 0x6e, 0x70, 0x75, 0x74, 0x20, 0x3d, 0x20, 0x64, 0x6f, 0x63, 0x75
.byte 0x6d, 0x65, 0x6e, 0x74, 0x2e, 0x67, 0x65, 0x74, 0x45, 0x6c, 0x65, 0x6d, 0x65, 0x6e, 0x74, 0x42
.byte 0x79, 0x49, 0x64, 0x28, 0x27, 0x6d, 0x61, 0x6e, 0x75, 0x61, 0x6c, 0x50, 0x57, 0x4d, 0x49, 0x6e
.byte 0x70, 0x75, 0x74, 0x27, 0x29, 0x3b, 0x0d, 0x0a, 0x20, 0x20, 0x20, 0x20, 0x69, 0x66, 0x28, 0x21
.byte 0x69, 0x6e, 0x70, 0x75, 0x74, 0x29, 0x20, 0x72, 0x65, 0x74, 0x75, 0x72, 0x6e, 0x3b, 0x0d, 0x0a
.byte 0x20, 0x20, 0x20, 0x20, 0x0d, 0x0a, 0x20, 0x20, 0x20, 0x20, 0x63, 0x6f, 0x6e, 0x73, 0x74, 0x20
.byte 0x70, 0x77, 0x6d, 0x20, 0x3d, 0x20, 0x70, 0x61, 0x72, 0x73, 0x65, 0x49, 0x6e, 0x74, 0x28, 0x69
.byte 0x6e, 0x70, 0x75, 0x74, 0x2e, 0x76, 0x61, 0x6c, 0x75, 0x65, 0x29, 0x3b, 0x0d, 0x0a, 0x0d, 0x0a
.byte 0x20, 0x20, 0x20, 0x20, 0x69, 0x66, 0x20, 0x28, 0x69, 0x73, 0x4e, 0x61, 0x4e, 0x28, 0x70, 0x77
.byte 0x6d, 0x29, 0x20, 0x7c, 0x7c, 0x20, 0x70, 0x77, 0x6d, 0x20, 0x3c, 0x20, 0x30, 0x20, 0x7c, 0x7c
.byte 0x20, 0x70, 0x77, 0x6d, 0x20, 0x3e, 0x20, 0x31, 0x30, 0x30, 0x29, 0x20, 0x7b, 0x0d, 0x0a, 0x20
.byte 0x20, 0x20, 0x20, 0x20, 0x20, 0x20, 0x20, 0x73, 0x68, 0x6f, 0x77, 0x46, 0x65, 0x65, 0x64, 0x62
.byte 0x61, 0x63, 0x6b, 0x28, 0x27, 0x66, 0x65, 0x65, 0x64, 0x62, 0x61, 0x63, 0x6b, 0x4d, 0x61, 0x6e
.byte 0x75, 0x61, 0x6c, 0x27, 0x2c, 0x20, 0x27, 0x50, 0x57, 0x4d, 0x20, 0x64, 0x65, 0x62, 0x65, 0x20
.byte 0x65, 0x73, 0x74, 0x61, 0x72, 0x20, 0x65, 0x6e, 0x74, 0x72, 0x65, 0x20, 0x30, 0x20, 0x79, 0x20
.byte 0x31, 0x30, 0x30, 0x27, 0x2c, 0x20, 0x27, 0x65, 0x72, 0x72, 0x6f, 0x72, 0x27, 0x29, 0x3b, 0x0d
.byte 0x0a, 0x20, 0x20, 0x20, 0x20, 0x20, 0x20, 0x20, 0x20, 0x72, 0x65, 0x74, 0x75, 0x72, 0x6e, 0x3b
.byte 0x0d, 0x0a, 0x20, 0x20, 0x20, 0x20, 0x7d, 0x0d, 0x0a, 0x0d, 0x0a, 0x20, 0x20, 0x20, 0x20, 0x74
.byte 0x72, 0x79, 0x20, 0x7b, 0x0d, 0x0a, 0x20, 0x20, 0x20, 0x20, 0x20, 0x20, 0x20, 0x20, 0x63, 0x6f
.byte 0x6e, 0x73, 0x74, 0x20, 0x72, 0x65, 0x73, 0x70, 0x6f, 0x6e, 0x73, 0x65, 0x20, 0x3d, 0x20, 0x61
.byte 0x77, 0x61, 0x69, 0x74, 0x20, 0x66, 0x65, 0x74, 0x63, 0x68, 0x28, 0x43, 0x4f, 0x4e, 0x46, 0x49
.byte 0x47, 0x2e, 0x41, 0x50, 0x49, 0x5f, 0x45, 0x4e, 0x44, 0x50, 0x4f, 0x49, 0x4e, 0x54, 0x53, 0x2e
.byte 0x53, 0x41, 0x56, 0x45, 0x5f, 0x4d, 0x41, 0x4e, 0x55, 0x41, 0x4c, 0x2c, 0x20, 0x7b, 0x0d, 0x0a
.byte 0x20, 0x20, 0x20, 0x20, 0x20, 0x20, 0x20, 0x20, 0x20, 0x20, 0x20, 0x20, 0x6d, 0x65, 0x74, 0x68
.byte 0x6f, 0x64, 0x3a, 0x20, 0x27, 0x50, 0x4f, 0x53, 0x54, 0x27, 0x2c, 0x0d, 0x0a, 0x20, 0x20, 0x20
.byte 0x20, 0x20, 0x20, 0x20, 0x20, 0x20, 0x20, 0x20, 0x20, 0x68, 0x65, 0x61, 0x64, 0x65, 0x72, 0x73
.byte 0x3a, 0x20, 0x7b, 0x20, 0x27, 0x43, 0x6f, 0x6e, 0x74, 0x65, 0x6e, 0x74, 0x2d, 0x54, 0x79, 0x70
.byte 0x65, 0x27, 0x3a, 0x20, 0x27, 0x61, 0x70, 0x70, 0x6c, 0x69, 0x63, 0x61, 0x74, 0x69, 0x6f, 0x6e
.byte 0x2f, 0x6a, 0x73, 0x6f, 0x6e, 0x27, 0x20, 0x7d, 0x2c, 0x0d, 0x0a, 0x20, 0x20, 0x20, 0x20, 0x20
.byte 0x20, 0x20, 0x20, 0x20, 0x20, 0x20, 0x20, 0x62, 0x6f, 0x64, 0x79, 0x3a, 0x20, 0x4a, 0x53, 0x4f
.byte 0x4e, 0x2e, 0x73, 0x74, 0x72, 0x69, 0x6e, 0x67, 0x69, 0x66, 0x79, 0x28, 0x7b, 0x20, 0x70, 0x77
.byte 0x6d, 0x3a, 0x20, 0x70, 0x77, 0x6d, 0x20, 0x7d, 0x29, 0x0d, 0x0a, 0x20, 0x20, 0x20, 0x20, 0x20
.byte 0x20, 0x20, 0x20, 0x7d, 0x29, 0x3b, 0x0d, 0x0a, 0x0d, 0x0a, 0x20, 0x20, 0x20, 0x20, 0x20, 0x20
.byte 0x20, 0x20, 0x69, 0x66, 0x20, 0x28, 0x21, 0x72, 0x65, 0x73, 0x70, 0x6f, 0x6e, 0x73, 0x65, 0x2e
.byte 0x6f, 0x6b, 0x29, 0x20, 0x7b, 0x0d, 0x0a, 0x20, 0x20, 0x20, 0x20, 0x20, 0x20, 0x20, 0x20, 0x20
.byte 0x20, 0x20, 0x20, 0x74, 0x68, 0x72, 0x6f, 0x77, 0x20, 0x6e, 0x65, 0x77, 0x20, 0x45, 0x72, 0x72
.byte 0x6f, 0x72, 0x28, 0x60, 0x45, 0x72, 0x72, 0x6f, 0x72, 0x3a, 0x20, 0x24, 0x7b, 0x72, 0x65, 0x73
.byte 0x70, 0x6f, 0x6e, 0x73, 0x65, 0x2e, 0x73, 0x74, 0x61, 0x74, 0x75, 0x73, 0x7d, 0x60, 0x29, 0x3b
.byte 0x0d, 0x0a, 0x20, 0x20, 0x20, 0x20, 0x20, 0x20, 0x20, 0x20, 0x7d, 0x0d, 0x0a, 0x0d, 0x0a, 0x20
.byte 0x20, 0x20, 0x20, 0x20, 0x20, 0x20, 0x20, 0x73, 0x68, 0x6f, 0x77, 0x46, 0x65, 0x65, 0x64, 0x62
.byte 0x61, 0x63, 0x6b, 0x28, 0x27, 0x66, 0x65, 0x65, 0x64, 0x62, 0x61, 0x63, 0x6b, 0x4d, 0x61, 0x6e
.byte 0x75, 0x61, 0x6c, 0x27, 0x2c, 0x20, 0x27, 0xe2, 0x9c, 0x93, 0x20, 0x43, 0x6f, 0x6e, 0x66, 0x69
.byte 0x67, 0x75, 0x72, 0x61, 0x63, 0x69, 0xc3, 0xb3, 0x6e, 0x20, 0x6d, 0x61, 0x6e, 0x75, 0x61, 0x6c
.byte 0x20, 0x67, 0x75, 0x61, 0x72, 0x64, 0x61, 0x64, 0x61, 0x20, 0x63, 0x6f, 0x72, 0x72, 0x65, 0x63
.byte 0x74, 0x61, 0x6d, 0x65, 0x6e, 0x74, 0x65, 0x27, 0x2c, 0x20, 0x27, 0x73, 0x75, 0x63, 0x63, 0x65
.byte 0x73, 0x73, 0x27, 0x29, 0x3b, 0x0d, 0x0a, 0x20, 0x20, 0x20, 0x20, 0x20, 0x20, 0x20, 0x20, 0x53
.byte 0x54, 0x41, 0x54, 0x45, 0x2e, 0x63, 0x75, 0x72, 0x72, 0x65, 0x6e, 0x74, 0x50, 0x57, 0x4d, 0x20
.byte 0x3d, 0x20, 0x70, 0x77, 0x6d, 0x3b, 0x0d, 0x0a, 0x20, 0x20, 0x20, 0x20, 0x7d, 0x20, 0x63, 0x61
.byte 0x74, 0x63, 0x68, 0x20, 0x28, 0x65, 0x72, 0x72, 0x6f, 0x72, 0x29, 0x20, 0x7b, 0x0d, 0x0a, 0x20
.byte 0x20, 0x20, 0x20, 0x20, 0x20, 0x20, 0x20, 0x63, 0x6f, 0x6e, 0x73, 0x6f, 0x6c, 0x65, 0x2e, 0x77
.byte 0x61, 0x72, 0x6e, 0x28, 0x27, 0x45, 0x72, 0x72, 0x6f, 0x72, 0x20, 0x61, 0x6c, 0x20, 0x67, 0x75
.byte 0x61, 0x72, 0x64, 0x61, 0x72, 0x20, 0x63, 0x6f, 0x6e, 0x66, 0x69, 0x67, 0x75, 0x72, 0x61, 0x63
.byte 0x69, 0xc3, 0xb3, 0x6e, 0x20, 0x6d, 0x61, 0x6e, 0x75, 0x61, 0x6c, 0x3a, 0x27, 0x2c, 0x20, 0x65
.byte 0x72, 0x72, 0x6f, 0x72, 0x29, 0x3b, 0x0d, 0x0a, 0x20, 0x20, 0x20, 0x20, 0x20, 0x20, 0x20, 0x20
.byte 0x73, 0x68, 0x6f, 0x77, 0x46, 0x65, 0x65, 0x64, 0x62, 0x61, 0x63, 0x6b, 0x28, 0x27, 0x66, 0x65
.byte 0x65, 0x64, 0x62, 0x61, 0x63, 0x6b, 0x4d, 0x61, 0x6e, 0x75, 0x61, 0x6c, 0x27, 0x2c, 0x20, 0x27
.byte 0xe2, 0x9a, 0xa0, 0x20, 0x45, 0x72, 0x72, 0x6f, 0x72, 0x20, 0x64, 0x65, 0x20, 0x63, 0x6f, 0x6e
.byte 0x65, 0x78, 0x69, 0xc3, 0xb3, 0x6e, 0x27, 0x2c, 0x20, 0x27, 0x65, 0x72, 0x72, 0x6f, 0x72, 0x27
.byte 0x29, 0x3b, 0x0d, 0x0a, 0x20, 0x20, 0x20, 0x20, 0x7d, 0x0d, 0x0a, 0x7d, 0x0d, 0x0a, 0x0d, 0x0a
.byte 0x2f, 0x2f, 0x20, 0x3d, 0x3d, 0x3d, 0x3d, 0x3d, 0x3d, 0x3d, 0x3d, 0x3d, 0x3d, 0x20, 0x41, 0x55
.byte 0x54, 0x4f, 0x4d, 0x41, 0x54, 0x49, 0x43, 0x20, 0x4d, 0x4f, 0x44, 0x45, 0x20, 0x3d, 0x3d, 0x3d
.byte 0x3d, 0x3d, 0x3d, 0x3d, 0x3d, 0x3d, 0x3d, 0x0d, 0x0a, 0x66, 0x75, 0x6e, 0x63, 0x74, 0x69, 0x6f
.byte 0x6e, 0x20, 0x75, 0x70, 0x64, 0x61, 0x74, 0x65, 0x54, 0x65, 0x6d, 0x70, 0x52, 0x61, 0x6e, 0x67
.byte 0x65, 0x50, 0x72, 0x65, 0x76, 0x69, 0x65, 0x77, 0x28, 0x29, 0x20, 0x7b, 0x0d, 0x0a, 0x20, 0x20
.byte 0x20, 0x20, 0x63, 0x6f, 0x6e, 0x73, 0x74, 0x20, 0x74, 0x4d, 0x69, 0x6e, 0x45, 0x6c, 0x20, 0x3d
.byte 0x20, 0x64, 0x6f, 0x63, 0x75, 0x6d, 0x65, 0x6e, 0x74, 0x2e, 0x67, 0x65, 0x74, 0x45, 0x6c, 0x65
.byte 0x6d, 0x65, 0x6e, 0x74, 0x42, 0x79, 0x49, 0x64, 0x28, 0x27, 0x61, 0x75, 0x74, 0x6f, 0x54, 0x4d
.byte 0x69, 0x6e, 0x27, 0x29, 0x3b, 0x0d, 0x0a, 0x20, 0x20, 0x20, 0x20, 0x63, 0x6f, 0x6e, 0x73, 0x74
.byte 0x20, 0x74, 0x4d, 0x61, 0x78, 0x45, 0x6c, 0x20, 0x3d, 0x20, 0x64, 0x6f, 0x63, 0x75, 0x6d, 0x65
.byte 0x6e, 0x74, 0x2e, 0x67, 0x65, 0x74, 0x45, 0x6c, 0x65, 0x6d, 0x65, 0x6e, 0x74, 0x42, 0x79, 0x49
.byte 0x64, 0x28, 0x27, 0x61, 0x75, 0x74, 0x6f, 0x54, 0x4d, 0x61, 0x78, 0x27, 0x29, 0x3b, 0x0d, 0x0a
.byte 0x20, 0x20, 0x20, 0x20, 0x0d, 0x0a, 0x20, 0x20, 0x20, 0x20, 0x69, 0x66, 0x28, 0x21, 0x74, 0x4d
.byte 0x69, 0x6e, 0x45, 0x6c, 0x20, 0x7c, 0x7c, 0x20, 0x21, 0x74, 0x4d, 0x61, 0x78, 0x45, 0x6c, 0x29
.byte 0x20, 0x72, 0x65, 0x74, 0x75, 0x72, 0x6e, 0x3b, 0x0d, 0x0a, 0x0d, 0x0a, 0x20, 0x20, 0x20, 0x20
.byte 0x63, 0x6f, 0x6e, 0x73, 0x74, 0x20, 0x74, 0x4d, 0x69, 0x6e, 0x20, 0x3d, 0x20, 0x70, 0x61, 0x72
.byte 0x73, 0x65, 0x46, 0x6c, 0x6f, 0x61, 0x74, 0x28, 0x74, 0x4d, 0x69, 0x6e, 0x45, 0x6c, 0x2e, 0x76
.byte 0x61, 0x6c, 0x75, 0x65, 0x29, 0x20, 0x7c, 0x7c, 0x20, 0x30, 0x3b, 0x0d, 0x0a, 0x20, 0x20, 0x20
.byte 0x20, 0x63, 0x6f, 0x6e, 0x73, 0x74, 0x20, 0x74, 0x4d, 0x61, 0x78, 0x20, 0x3d, 0x20, 0x70, 0x61
.byte 0x72, 0x73, 0x65, 0x46, 0x6c, 0x6f, 0x61, 0x74, 0x28, 0x74, 0x4d, 0x61, 0x78, 0x45, 0x6c, 0x2e
.byte 0x76, 0x61, 0x6c, 0x75, 0x65, 0x29, 0x20, 0x7c, 0x7c, 0x20, 0x31, 0x30, 0x30, 0x3b, 0x0d, 0x0a
.byte 0x0d, 0x0a, 0x20, 0x20, 0x20, 0x20, 0x63, 0x6f, 0x6e, 0x73, 0x74, 0x20, 0x72, 0x61, 0x6e, 0x67
.byte 0x65, 0x4d, 0x69, 0x6e, 0x54, 0x65, 0x78, 0x74, 0x20, 0x3d, 0x20, 0x64, 0x6f, 0x63, 0x75, 0x6d
.byte 0x65, 0x6e, 0x74, 0x2e, 0x67, 0x65, 0x74, 0x45, 0x6c, 0x65, 0x6d, 0x65, 0x6e, 0x74, 0x42, 0x79
.byte 0x49, 0x64, 0x28, 0x27, 0x72, 0x61, 0x6e, 0x67, 0x65, 0x4d, 0x69, 0x6e, 0x54, 0x65, 0x78, 0x74
.byte 0x27, 0x29, 0x3b, 0x0d, 0x0a, 0x20, 0x20, 0x20, 0x20, 0x63, 0x6f, 0x6e, 0x73, 0x74, 0x20, 0x72
.byte 0x61, 0x6e, 0x67, 0x65, 0x4d, 0x61, 0x78, 0x54, 0x65, 0x78, 0x74, 0x20, 0x3d, 0x20, 0x64, 0x6f
.byte 0x63, 0x75, 0x6d, 0x65, 0x6e, 0x74, 0x2e, 0x67, 0x65, 0x74, 0x45, 0x6c, 0x65, 0x6d, 0x65, 0x6e
.byte 0x74, 0x42, 0x79, 0x49, 0x64, 0x28, 0x27, 0x72, 0x61, 0x6e, 0x67, 0x65, 0x4d, 0x61, 0x78, 0x54
.byte 0x65, 0x78, 0x74, 0x27, 0x29, 0x3b, 0x0d, 0x0a, 0x20, 0x20, 0x20, 0x20, 0x0d, 0x0a, 0x20, 0x20
.byte 0x20, 0x20, 0x69, 0x66, 0x28, 0x72, 0x61, 0x6e, 0x67, 0x65, 0x4d, 0x69, 0x6e, 0x54, 0x65, 0x78
.byte 0x74, 0x29, 0x20, 0x72, 0x61, 0x6e, 0x67, 0x65, 0x4d, 0x69, 0x6e, 0x54, 0x65, 0x78, 0x74, 0x2e
.byte 0x74, 0x65, 0x78, 0x74, 0x43, 0x6f, 0x6e, 0x74, 0x65, 0x6e, 0x74, 0x20, 0x3d, 0x20, 0x74, 0x4d
.byte 0x69, 0x6e, 0x2e, 0x74, 0x6f, 0x46, 0x69, 0x78, 0x65, 0x64, 0x28, 0x31, 0x29, 0x20, 0x2b, 0x20
.byte 0x27, 0xc2, 0xb0, 0x43, 0x27, 0x3b, 0x0d, 0x0a, 0x20, 0x20, 0x20, 0x20, 0x69, 0x66, 0x28, 0x72
.byte 0x61, 0x6e, 0x67, 0x65, 0x4d, 0x61, 0x78, 0x54, 0x65, 0x78, 0x74, 0x29, 0x20, 0x72, 0x61, 0x6e
.byte 0x67, 0x65, 0x4d, 0x61, 0x78, 0x54, 0x65, 0x78, 0x74, 0x2e, 0x74, 0x65, 0x78, 0x74, 0x43, 0x6f
.byte 0x6e, 0x74, 0x65, 0x6e, 0x74, 0x20, 0x3d, 0x20, 0x74, 0x4d, 0x61, 0x78, 0x2e, 0x74, 0x6f, 0x46
.byte 0x69, 0x78, 0x65, 0x64, 0x28, 0x31, 0x29, 0x20, 0x2b, 0x20, 0x27, 0xc2, 0xb0, 0x43, 0x27, 0x3b
.byte 0x0d, 0x0a, 0x0d, 0x0a, 0x20, 0x20, 0x20, 0x20, 0x2f, 0x2f, 0x20, 0x41, 0x73, 0x75, 0x6d, 0x69
.byte 0x65, 0x6e, 0x64, 0x6f, 0x20, 0x75, 0x6e, 0x20, 0x72, 0x61, 0x6e, 0x67, 0x6f, 0x20, 0x76, 0x69
.byte 0x73, 0x75, 0x61, 0x6c, 0x20, 0x64, 0x65, 0x20, 0x2d, 0x32, 0x30, 0x20, 0x61, 0x20, 0x31, 0x30
.byte 0x30, 0x20, 0x67, 0x72, 0x61, 0x64, 0x6f, 0x73, 0x20, 0x70, 0x61, 0x72, 0x61, 0x20, 0x6c, 0x61
.byte 0x20, 0x62, 0x61, 0x72, 0x72, 0x61, 0x0d, 0x0a, 0x20, 0x20, 0x20, 0x20, 0x63, 0x6f, 0x6e, 0x73
.byte 0x74, 0x20, 0x6d, 0x69, 0x6e, 0x50, 0x65, 0x72, 0x63, 0x65, 0x6e, 0x74, 0x20, 0x3d, 0x20, 0x4d
.byte 0x61, 0x74, 0x68, 0x2e, 0x6d, 0x61, 0x78, 0x28, 0x30, 0x2c, 0x20, 0x4d, 0x61, 0x74, 0x68, 0x2e
.byte 0x6d, 0x69, 0x6e, 0x28, 0x31, 0x30, 0x30, 0x2c, 0x20, 0x28, 0x28, 0x74, 0x4d, 0x69, 0x6e, 0x20
.byte 0x2b, 0x20, 0x32, 0x30, 0x29, 0x20, 0x2f, 0x20, 0x31, 0x32, 0x30, 0x29, 0x20, 0x2a, 0x20, 0x31
.byte 0x30, 0x30, 0x29, 0x29, 0x3b, 0x0d, 0x0a, 0x20, 0x20, 0x20, 0x20, 0x63, 0x6f, 0x6e, 0x73, 0x74
.byte 0x20, 0x6d, 0x61, 0x78, 0x50, 0x65, 0x72, 0x63, 0x65, 0x6e, 0x74, 0x20, 0x3d, 0x20, 0x4d, 0x61
.byte 0x74, 0x68, 0x2e, 0x6d, 0x61, 0x78, 0x28, 0x30, 0x2c, 0x20, 0x4d, 0x61, 0x74, 0x68, 0x2e, 0x6d
.byte 0x69, 0x6e, 0x28, 0x31, 0x30, 0x30, 0x2c, 0x20, 0x28, 0x28, 0x74, 0x4d, 0x61, 0x78, 0x20, 0x2b
.byte 0x20, 0x32, 0x30, 0x29, 0x20, 0x2f, 0x20, 0x31, 0x32, 0x30, 0x29, 0x20, 0x2a, 0x20, 0x31, 0x30
.byte 0x30, 0x29, 0x29, 0x3b, 0x0d, 0x0a, 0x0d, 0x0a, 0x20, 0x20, 0x20, 0x20, 0x63, 0x6f, 0x6e, 0x73
.byte 0x74, 0x20, 0x6d, 0x61, 0x72, 0x6b, 0x65, 0x72, 0x4d, 0x69, 0x6e, 0x20, 0x3d, 0x20, 0x64, 0x6f
.byte 0x63, 0x75, 0x6d, 0x65, 0x6e, 0x74, 0x2e, 0x67, 0x65, 0x74, 0x45, 0x6c, 0x65, 0x6d, 0x65, 0x6e
.byte 0x74, 0x42, 0x79, 0x49, 0x64, 0x28, 0x27, 0x72, 0x61, 0x6e, 0x67, 0x65, 0x4d, 0x69, 0x6e, 0x4d
.byte 0x61, 0x72, 0x6b, 0x65, 0x72, 0x27, 0x29, 0x3b, 0x0d, 0x0a, 0x20, 0x20, 0x20, 0x20, 0x63, 0x6f
.byte 0x6e, 0x73, 0x74, 0x20, 0x6d, 0x61, 0x72, 0x6b, 0x65, 0x72, 0x4d, 0x61, 0x78, 0x20, 0x3d, 0x20
.byte 0x64, 0x6f, 0x63, 0x75, 0x6d, 0x65, 0x6e, 0x74, 0x2e, 0x67, 0x65, 0x74, 0x45, 0x6c, 0x65, 0x6d
.byte 0x65, 0x6e, 0x74, 0x42, 0x79, 0x49, 0x64, 0x28, 0x27, 0x72, 0x61, 0x6e, 0x67, 0x65, 0x4d, 0x61
.byte 0x78, 0x4d, 0x61, 0x72, 0x6b, 0x65, 0x72, 0x27, 0x29, 0x3b, 0x0d, 0x0a, 0x0d, 0x0a, 0x20, 0x20
.byte 0x20, 0x20, 0x69, 0x66, 0x28, 0x6d, 0x61, 0x72, 0x6b, 0x65, 0x72, 0x4d, 0x69, 0x6e, 0x29, 0x20
.byte 0x6d, 0x61, 0x72, 0x6b, 0x65, 0x72, 0x4d, 0x69, 0x6e, 0x2e, 0x73, 0x74, 0x79, 0x6c, 0x65, 0x2e
.byte 0x6c, 0x65, 0x66, 0x74, 0x20, 0x3d, 0x20, 0x6d, 0x69, 0x6e, 0x50, 0x65, 0x72, 0x63, 0x65, 0x6e
.byte 0x74, 0x20, 0x2b, 0x20, 0x27, 0x25, 0x27, 0x3b, 0x0d, 0x0a, 0x20, 0x20, 0x20, 0x20, 0x69, 0x66
.byte 0x28, 0x6d, 0x61, 0x72, 0x6b, 0x65, 0x72, 0x4d, 0x61, 0x78, 0x29, 0x20, 0x6d, 0x61, 0x72, 0x6b
.byte 0x65, 0x72, 0x4d, 0x61, 0x78, 0x2e, 0x73, 0x74, 0x79, 0x6c, 0x65, 0x2e, 0x6c, 0x65, 0x66, 0x74
.byte 0x20, 0x3d, 0x20, 0x6d, 0x61, 0x78, 0x50, 0x65, 0x72, 0x63, 0x65, 0x6e, 0x74, 0x20, 0x2b, 0x20
.byte 0x27, 0x25, 0x27, 0x3b, 0x0d, 0x0a, 0x7d, 0x0d, 0x0a, 0x0d, 0x0a, 0x61, 0x73, 0x79, 0x6e, 0x63
.byte 0x20, 0x66, 0x75, 0x6e, 0x63, 0x74, 0x69, 0x6f, 0x6e, 0x20, 0x73, 0x61, 0x76, 0x65, 0x41, 0x75
.byte 0x74, 0x6f, 0x43, 0x6f, 0x6e, 0x66, 0x69, 0x67, 0x28, 0x29, 0x20, 0x7b, 0x0d, 0x0a, 0x20, 0x20
.byte 0x20, 0x20, 0x63, 0x6f, 0x6e, 0x73, 0x74, 0x20, 0x74, 0x4d, 0x69, 0x6e, 0x20, 0x3d, 0x20, 0x70
.byte 0x61, 0x72, 0x73, 0x65, 0x46, 0x6c, 0x6f, 0x61, 0x74, 0x28, 0x64, 0x6f, 0x63, 0x75, 0x6d, 0x65
.byte 0x6e, 0x74, 0x2e, 0x67, 0x65, 0x74, 0x45, 0x6c, 0x65, 0x6d, 0x65, 0x6e, 0x74, 0x42, 0x79, 0x49
.byte 0x64, 0x28, 0x27, 0x61, 0x75, 0x74, 0x6f, 0x54, 0x4d, 0x69, 0x6e, 0x27, 0x29, 0x2e, 0x76, 0x61
.byte 0x6c, 0x75, 0x65, 0x29, 0x3b, 0x0d, 0x0a, 0x20, 0x20, 0x20, 0x20, 0x63, 0x6f, 0x6e, 0x73, 0x74
.byte 0x20, 0x74, 0x4d, 0x61, 0x78, 0x20, 0x3d, 0x20, 0x70, 0x61, 0x72, 0x73, 0x65, 0x46, 0x6c, 0x6f
.byte 0x61, 0x74, 0x28, 0x64, 0x6f, 0x63, 0x75, 0x6d, 0x65, 0x6e, 0x74, 0x2e, 0x67, 0x65, 0x74, 0x45
.byte 0x6c, 0x65, 0x6d, 0x65, 0x6e, 0x74, 0x42, 0x79, 0x49, 0x64, 0x28, 0x27, 0x61, 0x75, 0x74, 0x6f
.byte 0x54, 0x4d, 0x61, 0x78, 0x27, 0x29, 0x2e, 0x76, 0x61, 0x6c, 0x75, 0x65, 0x29, 0x3b, 0x0d, 0x0a
.byte 0x0d, 0x0a, 0x20, 0x20, 0x20, 0x20, 0x69, 0x66, 0x20, 0x28, 0x69, 0x73, 0x4e, 0x61, 0x4e, 0x28
.byte 0x74, 0x4d, 0x69, 0x6e, 0x29, 0x20, 0x7c, 0x7c, 0x20, 0x69, 0x73, 0x4e, 0x61, 0x4e, 0x28, 0x74
.byte 0x4d, 0x61, 0x78, 0x29, 0x29, 0x20, 0x7b, 0x0d, 0x0a, 0x20, 0x20, 0x20, 0x20, 0x20, 0x20, 0x20
.byte 0x20, 0x73, 0x68, 0x6f, 0x77, 0x46, 0x65, 0x65, 0x64, 0x62, 0x61, 0x63, 0x6b, 0x28, 0x27, 0x66
.byte 0x65, 0x65, 0x64, 0x62, 0x61, 0x63, 0x6b, 0x41, 0x75, 0x74, 0x6f, 0x27, 0x2c, 0x20, 0x27, 0x49
.byte 0x6e, 0x67, 0x72, 0x65, 0x73, 0x61, 0x20, 0x76, 0x61, 0x6c, 0x6f, 0x72, 0x65, 0x73, 0x20, 0x76
.byte 0xc3, 0xa1, 0x6c, 0x69, 0x64, 0x6f, 0x73, 0x27, 0x2c, 0x20, 0x27, 0x65, 0x72, 0x72, 0x6f, 0x72
.byte 0x27, 0x29, 0x3b, 0x0d, 0x0a, 0x20, 0x20, 0x20, 0x20, 0x20, 0x20, 0x20, 0x20, 0x72, 0x65, 0x74
.byte 0x75, 0x72, 0x6e, 0x3b, 0x0d, 0x0a, 0x20, 0x20, 0x20, 0x20, 0x7d, 0x0d, 0x0a, 0x0d, 0x0a, 0x20
.byte 0x20, 0x20, 0x20, 0x69, 0x66, 0x20, 0x28, 0x74, 0x4d, 0x69, 0x6e, 0x20, 0x3e, 0x3d, 0x20, 0x74
.byte 0x4d, 0x61, 0x78, 0x29, 0x20, 0x7b, 0x0d, 0x0a, 0x20, 0x20, 0x20, 0x20, 0x20, 0x20, 0x20, 0x20
.byte 0x73, 0x68, 0x6f, 0x77, 0x46, 0x65, 0x65, 0x64, 0x62, 0x61, 0x63, 0x6b, 0x28, 0x27, 0x66, 0x65
.byte 0x65, 0x64, 0x62, 0x61, 0x63, 0x6b, 0x41, 0x75, 0x74, 0x6f, 0x27, 0x2c, 0x20, 0x27, 0x54, 0x5f
.byte 0x6d, 0x69, 0x6e, 0x20, 0x64, 0x65, 0x62, 0x65, 0x20, 0x73, 0x65, 0x72, 0x20, 0x6d, 0x65, 0x6e
.byte 0x6f, 0x72, 0x20, 0x71, 0x75, 0x65, 0x20, 0x54, 0x5f, 0x6d, 0x61, 0x78, 0x27, 0x2c, 0x20, 0x27
.byte 0x65, 0x72, 0x72, 0x6f, 0x72, 0x27, 0x29, 0x3b, 0x0d, 0x0a, 0x20, 0x20, 0x20, 0x20, 0x20, 0x20
.byte 0x20, 0x20, 0x72, 0x65, 0x74, 0x75, 0x72, 0x6e, 0x3b, 0x0d, 0x0a, 0x20, 0x20, 0x20, 0x20, 0x7d
.byte 0x0d, 0x0a, 0x0d, 0x0a, 0x20, 0x20, 0x20, 0x20, 0x74, 0x72, 0x79, 0x20, 0x7b, 0x0d, 0x0a, 0x20
.byte 0x20, 0x20, 0x20, 0x20, 0x20, 0x20, 0x20, 0x63, 0x6f, 0x6e, 0x73, 0x74, 0x20, 0x72, 0x65, 0x73
.byte 0x70, 0x6f, 0x6e, 0x73, 0x65, 0x20, 0x3d, 0x20, 0x61, 0x77, 0x61, 0x69, 0x74, 0x20, 0x66, 0x65
.byte 0x74, 0x63, 0x68, 0x28, 0x43, 0x4f, 0x4e, 0x46, 0x49, 0x47, 0x2e, 0x41, 0x50, 0x49, 0x5f, 0x45
.byte 0x4e, 0x44, 0x50, 0x4f, 0x49, 0x4e, 0x54, 0x53, 0x2e, 0x53, 0x41, 0x56, 0x45, 0x5f, 0x41, 0x55
.byte 0x54, 0x4f, 0x2c, 0x20, 0x7b, 0x0d, 0x0a, 0x20, 0x20, 0x20, 0x20, 0x20, 0x20, 0x20, 0x20, 0x20
.byte 0x20, 0x20, 0x20, 0x6d, 0x65, 0x74, 0x68, 0x6f, 0x64, 0x3a, 0x20, 0x27, 0x50, 0x4f, 0x53, 0x54
.byte 0x27, 0x2c, 0x0d, 0x0a, 0x20, 0x20, 0x20, 0x20, 0x20, 0x20, 0x20, 0x20, 0x20, 0x20, 0x20, 0x20
.byte 0x68, 0x65, 0x61, 0x64, 0x65, 0x72, 0x73, 0x3a, 0x20, 0x7b, 0x20, 0x27, 0x43, 0x6f, 0x6e, 0x74
.byte 0x65, 0x6e, 0x74, 0x2d, 0x54, 0x79, 0x70, 0x65, 0x27, 0x3a, 0x20, 0x27, 0x61, 0x70, 0x70, 0x6c
.byte 0x69, 0x63, 0x61, 0x74, 0x69, 0x6f, 0x6e, 0x2f, 0x6a, 0x73, 0x6f, 0x6e, 0x27, 0x20, 0x7d, 0x2c
.byte 0x0d, 0x0a, 0x20, 0x20, 0x20, 0x20, 0x20, 0x20, 0x20, 0x20, 0x20, 0x20, 0x20, 0x20, 0x62, 0x6f
.byte 0x64, 0x79, 0x3a, 0x20, 0x4a, 0x53, 0x4f, 0x4e, 0x2e, 0x73, 0x74, 0x72, 0x69, 0x6e, 0x67, 0x69
.byte 0x66, 0x79, 0x28, 0x7b, 0x20, 0x74, 0x4d, 0x69, 0x6e, 0x3a, 0x20, 0x74, 0x4d, 0x69, 0x6e, 0x2c
.byte 0x20, 0x74, 0x4d, 0x61, 0x78, 0x3a, 0x20, 0x74, 0x4d, 0x61, 0x78, 0x20, 0x7d, 0x29, 0x0d, 0x0a
.byte 0x20, 0x20, 0x20, 0x20, 0x20, 0x20, 0x20, 0x20, 0x7d, 0x29, 0x3b, 0x0d, 0x0a, 0x0d, 0x0a, 0x20
.byte 0x20, 0x20, 0x20, 0x20, 0x20, 0x20, 0x20, 0x69, 0x66, 0x20, 0x28, 0x21, 0x72, 0x65, 0x73, 0x70
.byte 0x6f, 0x6e, 0x73, 0x65, 0x2e, 0x6f, 0x6b, 0x29, 0x20, 0x7b, 0x0d, 0x0a, 0x20, 0x20, 0x20, 0x20
.byte 0x20, 0x20, 0x20, 0x20, 0x20, 0x20, 0x20, 0x20, 0x74, 0x68, 0x72, 0x6f, 0x77, 0x20, 0x6e, 0x65
.byte 0x77, 0x20, 0x45, 0x72, 0x72, 0x6f, 0x72, 0x28, 0x60, 0x45, 0x72, 0x72, 0x6f, 0x72, 0x3a, 0x20
.byte 0x24, 0x7b, 0x72, 0x65, 0x73, 0x70, 0x6f, 0x6e, 0x73, 0x65, 0x2e, 0x73, 0x74, 0x61, 0x74, 0x75
.byte 0x73, 0x7d, 0x60, 0x29, 0x3b, 0x0d, 0x0a, 0x20, 0x20, 0x20, 0x20, 0x20, 0x20, 0x20, 0x20, 0x7d
.byte 0x0d, 0x0a, 0x0d, 0x0a, 0x20, 0x20, 0x20, 0x20, 0x20, 0x20, 0x20, 0x20, 0x73, 0x68, 0x6f, 0x77
.byte 0x46, 0x65, 0x65, 0x64, 0x62, 0x61, 0x63, 0x6b, 0x28, 0x27, 0x66, 0x65, 0x65, 0x64, 0x62, 0x61
.byte 0x63, 0x6b, 0x41, 0x75, 0x74, 0x6f, 0x27, 0x2c, 0x20, 0x27, 0xe2, 0x9c, 0x93, 0x20, 0x43, 0x6f
.byte 0x6e, 0x66, 0x69, 0x67, 0x75, 0x72, 0x61, 0x63, 0x69, 0xc3, 0xb3, 0x6e, 0x20, 0x61, 0x75, 0x74
.byte 0x6f, 0x6d, 0xc3, 0xa1, 0x74, 0x69, 0x63, 0x61, 0x20, 0x67, 0x75, 0x61, 0x72, 0x64, 0x61, 0x64
.byte 0x61, 0x20, 0x63, 0x6f, 0x72, 0x72, 0x65, 0x63, 0x74, 0x61, 0x6d, 0x65, 0x6e, 0x74, 0x65, 0x27
.byte 0x2c, 0x20, 0x27, 0x73, 0x75, 0x63, 0x63, 0x65, 0x73, 0x73, 0x27, 0x29, 0x3b, 0x0d, 0x0a, 0x20
.byte 0x20, 0x20, 0x20, 0x7d, 0x20, 0x63, 0x61, 0x74, 0x63, 0x68, 0x20, 0x28, 0x65, 0x72, 0x72, 0x6f
.byte 0x72, 0x29, 0x20, 0x7b, 0x0d, 0x0a, 0x20, 0x20, 0x20, 0x20, 0x20, 0x20, 0x20, 0x20, 0x63, 0x6f
.byte 0x6e, 0x73, 0x6f, 0x6c, 0x65, 0x2e, 0x77, 0x61, 0x72, 0x6e, 0x28, 0x27, 0x45, 0x72, 0x72, 0x6f
.byte 0x72, 0x20, 0x61, 0x6c, 0x20, 0x67, 0x75, 0x61, 0x72, 0x64, 0x61, 0x72, 0x20, 0x63, 0x6f, 0x6e
.byte 0x66, 0x69, 0x67, 0x75, 0x72, 0x61, 0x63, 0x69, 0xc3, 0xb3, 0x6e, 0x20, 0x61, 0x75, 0x74, 0x6f
.byte 0x6d, 0xc3, 0xa1, 0x74, 0x69, 0x63, 0x61, 0x3a, 0x27, 0x2c, 0x20, 0x65, 0x72, 0x72, 0x6f, 0x72
.byte 0x29, 0x3b, 0x0d, 0x0a, 0x20, 0x20, 0x20, 0x20, 0x20, 0x20, 0x20, 0x20, 0x73, 0x68, 0x6f, 0x77
.byte 0x46, 0x65, 0x65, 0x64, 0x62, 0x61, 0x63, 0x6b, 0x28, 0x27, 0x66, 0x65, 0x65, 0x64, 0x62, 0x61
.byte 0x63, 0x6b, 0x41, 0x75, 0x74, 0x6f, 0x27, 0x2c, 0x20, 0x27, 0xe2, 0x9a, 0xa0, 0x20, 0x45, 0x72
.byte 0x72, 0x6f, 0x72, 0x20, 0x64, 0x65, 0x20, 0x63, 0x6f, 0x6e, 0x65, 0x78, 0x69, 0xc3, 0xb3, 0x6e
.byte 0x27, 0x2c, 0x20, 0x27, 0x65, 0x72, 0x72, 0x6f, 0x72, 0x27, 0x29, 0x3b, 0x0d, 0x0a, 0x20, 0x20
.byte 0x20, 0x20, 0x7d, 0x0d, 0x0a, 0x7d, 0x0d, 0x0a, 0x0d, 0x0a, 0x2f, 0x2f, 0x20, 0x3d, 0x3d, 0x3d
.byte 0x3d, 0x3d, 0x3d, 0x3d, 0x3d, 0x3d, 0x3d, 0x20, 0x50, 0x52, 0x4f, 0x47, 0x52, 0x41, 0x4d, 0x4d
.byte 0x45, 0x44, 0x20, 0x4d, 0x4f, 0x44, 0x45, 0x20, 0x3d, 0x3d, 0x3d, 0x3d, 0x3d, 0x3d, 0x3d, 0x3d
.byte 0x3d, 0x3d, 0x0d, 0x0a, 0x66, 0x75, 0x6e, 0x63, 0x74, 0x69, 0x6f, 0x6e, 0x20, 0x69, 0x6e, 0x69
.byte 0x74, 0x69, 0x61, 0x6c, 0x69, 0x7a, 0x65, 0x52, 0x65, 0x67, 0x69, 0x73, 0x74, 0x65, 0x72, 0x55
.byte 0x49, 0x28, 0x29, 0x20, 0x7b, 0x0d, 0x0a, 0x20, 0x20, 0x20, 0x20, 0x63, 0x6f, 0x6e, 0x73, 0x74
.byte 0x20, 0x63, 0x6f, 0x6e, 0x74, 0x61, 0x69, 0x6e, 0x65, 0x72, 0x20, 0x3d, 0x20, 0x64, 0x6f, 0x63
.byte 0x75, 0x6d, 0x65, 0x6e, 0x74, 0x2e, 0x67, 0x65, 0x74, 0x45, 0x6c, 0x65, 0x6d, 0x65, 0x6e, 0x74
.byte 0x42, 0x79, 0x49, 0x64, 0x28, 0x27, 0x72, 0x65, 0x67, 0x69, 0x73, 0x74, 0x65, 0x72, 0x73, 0x43
.byte 0x6f, 0x6e, 0x74, 0x61, 0x69, 0x6e, 0x65, 0x72, 0x27, 0x29, 0x3b, 0x0d, 0x0a, 0x20, 0x20, 0x20
.byte 0x20, 0x69, 0x66, 0x28, 0x21, 0x63, 0x6f, 0x6e, 0x74, 0x61, 0x69, 0x6e, 0x65, 0x72, 0x29, 0x20
.byte 0x72, 0x65, 0x74, 0x75, 0x72, 0x6e, 0x3b, 0x0d, 0x0a, 0x20, 0x20, 0x20, 0x20, 0x0d, 0x0a, 0x20
.byte 0x20, 0x20, 0x20, 0x63, 0x6f, 0x6e, 0x74, 0x61, 0x69, 0x6e, 0x65, 0x72, 0x2e, 0x69, 0x6e, 0x6e
.byte 0x65, 0x72, 0x48, 0x54, 0x4d, 0x4c, 0x20, 0x3d, 0x20, 0x27, 0x27, 0x3b, 0x0d, 0x0a, 0x0d, 0x0a
.byte 0x20, 0x20, 0x20, 0x20, 0x66, 0x6f, 0x72, 0x20, 0x28, 0x6c, 0x65, 0x74, 0x20, 0x69, 0x20, 0x3d
.byte 0x20, 0x30, 0x3b, 0x20, 0x69, 0x20, 0x3c, 0x20, 0x43, 0x4f, 0x4e, 0x46, 0x49, 0x47, 0x2e, 0x4e
.byte 0x55, 0x4d, 0x5f, 0x52, 0x45, 0x47, 0x49, 0x53, 0x54, 0x45, 0x52, 0x53, 0x3b, 0x20, 0x69, 0x2b
.byte 0x2b, 0x29, 0x20, 0x7b, 0x0d, 0x0a, 0x20, 0x20, 0x20, 0x20, 0x20, 0x20, 0x20, 0x20, 0x63, 0x6f
.byte 0x6e, 0x73, 0x74, 0x20, 0x72, 0x65, 0x67, 0x69, 0x73, 0x74, 0x65, 0x72, 0x48, 0x54, 0x4d, 0x4c
.byte 0x20, 0x3d, 0x20, 0x60, 0x0d, 0x0a, 0x20, 0x20, 0x20, 0x20, 0x20, 0x20, 0x20, 0x20, 0x20, 0x20
.byte 0x20, 0x20, 0x3c, 0x64, 0x69, 0x76, 0x20, 0x63, 0x6c, 0x61, 0x73, 0x73, 0x3d, 0x22, 0x72, 0x65
.byte 0x67, 0x69, 0x73, 0x74, 0x65, 0x72, 0x2d, 0x69, 0x74, 0x65, 0x6d, 0x22, 0x20, 0x69, 0x64, 0x3d
.byte 0x22, 0x72, 0x65, 0x67, 0x69, 0x73, 0x74, 0x65, 0x72, 0x24, 0x7b, 0x69, 0x7d, 0x22, 0x3e, 0x0d
.byte 0x0a, 0x20, 0x20, 0x20, 0x20, 0x20, 0x20, 0x20, 0x20, 0x20, 0x20, 0x20, 0x20, 0x20, 0x20, 0x20
.byte 0x20, 0x3c, 0x64, 0x69, 0x76, 0x20, 0x63, 0x6c, 0x61, 0x73, 0x73, 0x3d, 0x22, 0x72, 0x65, 0x67
.byte 0x69, 0x73, 0x74, 0x65, 0x72, 0x2d, 0x68, 0x65, 0x61, 0x64, 0x65, 0x72, 0x22, 0x3e, 0x0d, 0x0a
.byte 0x20, 0x20, 0x20, 0x20, 0x20, 0x20, 0x20, 0x20, 0x20, 0x20, 0x20, 0x20, 0x20, 0x20, 0x20, 0x20
.byte 0x20, 0x20, 0x20, 0x20, 0x3c, 0x69, 0x6e, 0x70, 0x75, 0x74, 0x20, 0x74, 0x79, 0x70, 0x65, 0x3d
.byte 0x22, 0x63, 0x68, 0x65, 0x63, 0x6b, 0x62, 0x6f, 0x78, 0x22, 0x20, 0x63, 0x6c, 0x61, 0x73, 0x73
.byte 0x3d, 0x22, 0x72, 0x65, 0x67, 0x69, 0x73, 0x74, 0x65, 0x72, 0x2d, 0x63, 0x68, 0x65, 0x63, 0x6b
.byte 0x62, 0x6f, 0x78, 0x20, 0x72, 0x65, 0x67, 0x69, 0x73, 0x74, 0x65, 0x72, 0x2d, 0x61, 0x63, 0x74
.byte 0x69, 0x76, 0x65, 0x22, 0x20, 0x69, 0x64, 0x3d, 0x22, 0x72, 0x65, 0x67, 0x41, 0x63, 0x74, 0x69
.byte 0x76, 0x65, 0x24, 0x7b, 0x69, 0x7d, 0x22, 0x20, 0x63, 0x68, 0x65, 0x63, 0x6b, 0x65, 0x64, 0x3e
.byte 0x0d, 0x0a, 0x20, 0x20, 0x20, 0x20, 0x20, 0x20, 0x20, 0x20, 0x20, 0x20, 0x20, 0x20, 0x20, 0x20
.byte 0x20, 0x20, 0x20, 0x20, 0x20, 0x20, 0x3c, 0x73, 0x70, 0x61, 0x6e, 0x20, 0x63, 0x6c, 0x61, 0x73
.byte 0x73, 0x3d, 0x22, 0x72, 0x65, 0x67, 0x69, 0x73, 0x74, 0x65, 0x72, 0x2d, 0x74, 0x69, 0x74, 0x6c
.byte 0x65, 0x22, 0x3e, 0x52, 0x65, 0x67, 0x69, 0x73, 0x74, 0x72, 0x6f, 0x20, 0x24, 0x7b, 0x69, 0x20
.byte 0x2b, 0x20, 0x31, 0x7d, 0x3c, 0x2f, 0x73, 0x70, 0x61, 0x6e, 0x3e, 0x0d, 0x0a, 0x20, 0x20, 0x20
.byte 0x20, 0x20, 0x20, 0x20, 0x20, 0x20, 0x20, 0x20, 0x20, 0x20, 0x20, 0x20, 0x20, 0x3c, 0x2f, 0x64
.byte 0x69, 0x76, 0x3e, 0x0d, 0x0a, 0x20, 0x20, 0x20, 0x20, 0x20, 0x20, 0x20, 0x20, 0x20, 0x20, 0x20
.byte 0x20, 0x20, 0x20, 0x20, 0x20, 0x3c, 0x64, 0x69, 0x76, 0x20, 0x63, 0x6c, 0x61, 0x73, 0x73, 0x3d
.byte 0x22, 0x72, 0x65, 0x67, 0x69, 0x73, 0x74, 0x65, 0x72, 0x2d, 0x63, 0x6f, 0x6e, 0x74, 0x65, 0x6e
.byte 0x74, 0x22, 0x3e, 0x0d, 0x0a, 0x20, 0x20, 0x20, 0x20, 0x20, 0x20, 0x20, 0x20, 0x20, 0x20, 0x20
.byte 0x20, 0x20, 0x20, 0x20, 0x20, 0x20, 0x20, 0x20, 0x20, 0x3c, 0x64, 0x69, 0x76, 0x20, 0x63, 0x6c
.byte 0x61, 0x73, 0x73, 0x3d, 0x22, 0x72, 0x65, 0x67, 0x69, 0x73, 0x74, 0x65, 0x72, 0x2d, 0x66, 0x69
.byte 0x65, 0x6c, 0x64, 0x22, 0x3e, 0x0d, 0x0a, 0x20, 0x20, 0x20, 0x20, 0x20, 0x20, 0x20, 0x20, 0x20
.byte 0x20, 0x20, 0x20, 0x20, 0x20, 0x20, 0x20, 0x20, 0x20, 0x20, 0x20, 0x20, 0x20, 0x20, 0x20, 0x3c
.byte 0x6c, 0x61, 0x62, 0x65, 0x6c, 0x20, 0x66, 0x6f, 0x72, 0x3d, 0x22, 0x72, 0x65, 0x67, 0x53, 0x74
.byte 0x61, 0x72, 0x74, 0x24, 0x7b, 0x69, 0x7d, 0x22, 0x3e, 0x48, 0x6f, 0x72, 0x61, 0x20, 0x64, 0x65
.byte 0x20, 0x49, 0x6e, 0x69, 0x63, 0x69, 0x6f, 0x3c, 0x2f, 0x6c, 0x61, 0x62, 0x65, 0x6c, 0x3e, 0x0d
.byte 0x0a, 0x20, 0x20, 0x20, 0x20, 0x20, 0x20, 0x20, 0x20, 0x20, 0x20, 0x20, 0x20, 0x20, 0x20, 0x20
.byte 0x20, 0x20, 0x20, 0x20, 0x20, 0x20, 0x20, 0x20, 0x20, 0x3c, 0x69, 0x6e, 0x70, 0x75, 0x74, 0x20
.byte 0x74, 0x79, 0x70, 0x65, 0x3d, 0x22, 0x74, 0x69, 0x6d, 0x65, 0x22, 0x20, 0x69, 0x64, 0x3d, 0x22
.byte 0x72, 0x65, 0x67, 0x53, 0x74, 0x61, 0x72, 0x74, 0x24, 0x7b, 0x69, 0x7d, 0x22, 0x20, 0x63, 0x6c
.byte 0x61, 0x73, 0x73, 0x3d, 0x22, 0x72, 0x65, 0x67, 0x69, 0x73, 0x74, 0x65, 0x72, 0x2d, 0x73, 0x74
.byte 0x61, 0x72, 0x74, 0x22, 0x20, 0x76, 0x61, 0x6c, 0x75, 0x65, 0x3d, 0x22, 0x30, 0x38, 0x3a, 0x30
.byte 0x30, 0x22, 0x3e, 0x0d, 0x0a, 0x20, 0x20, 0x20, 0x20, 0x20, 0x20, 0x20, 0x20, 0x20, 0x20, 0x20
.byte 0x20, 0x20, 0x20, 0x20, 0x20, 0x20, 0x20, 0x20, 0x20, 0x3c, 0x2f, 0x64, 0x69, 0x76, 0x3e, 0x0d
.byte 0x0a, 0x20, 0x20, 0x20, 0x20, 0x20, 0x20, 0x20, 0x20, 0x20, 0x20, 0x20, 0x20, 0x20, 0x20, 0x20
.byte 0x20, 0x20, 0x20, 0x20, 0x20, 0x3c, 0x64, 0x69, 0x76, 0x20, 0x63, 0x6c, 0x61, 0x73, 0x73, 0x3d
.byte 0x22, 0x72, 0x65, 0x67, 0x69, 0x73, 0x74, 0x65, 0x72, 0x2d, 0x66, 0x69, 0x65, 0x6c, 0x64, 0x22
.byte 0x3e, 0x0d, 0x0a, 0x20, 0x20, 0x20, 0x20, 0x20, 0x20, 0x20, 0x20, 0x20, 0x20, 0x20, 0x20, 0x20
.byte 0x20, 0x20, 0x20, 0x20, 0x20, 0x20, 0x20, 0x20, 0x20, 0x20, 0x20, 0x3c, 0x6c, 0x61, 0x62, 0x65
.byte 0x6c, 0x20, 0x66, 0x6f, 0x72, 0x3d, 0x22, 0x72, 0x65, 0x67, 0x45, 0x6e, 0x64, 0x24, 0x7b, 0x69
.byte 0x7d, 0x22, 0x3e, 0x48, 0x6f, 0x72, 0x61, 0x20, 0x64, 0x65, 0x20, 0x46, 0x69, 0x6e, 0x3c, 0x2f
.byte 0x6c, 0x61, 0x62, 0x65, 0x6c, 0x3e, 0x0d, 0x0a, 0x20, 0x20, 0x20, 0x20, 0x20, 0x20, 0x20, 0x20
.byte 0x20, 0x20, 0x20, 0x20, 0x20, 0x20, 0x20, 0x20, 0x20, 0x20, 0x20, 0x20, 0x20, 0x20, 0x20, 0x20
.byte 0x3c, 0x69, 0x6e, 0x70, 0x75, 0x74, 0x20, 0x74, 0x79, 0x70, 0x65, 0x3d, 0x22, 0x74, 0x69, 0x6d
.byte 0x65, 0x22, 0x20, 0x69, 0x64, 0x3d, 0x22, 0x72, 0x65, 0x67, 0x45, 0x6e, 0x64, 0x24, 0x7b, 0x69
.byte 0x7d, 0x22, 0x20, 0x63, 0x6c, 0x61, 0x73, 0x73, 0x3d, 0x22, 0x72, 0x65, 0x67, 0x69, 0x73, 0x74
.byte 0x65, 0x72, 0x2d, 0x65, 0x6e, 0x64, 0x22, 0x20, 0x76, 0x61, 0x6c, 0x75, 0x65, 0x3d, 0x22, 0x31
.byte 0x38, 0x3a, 0x30, 0x30, 0x22, 0x3e, 0x0d, 0x0a, 0x20, 0x20, 0x20, 0x20, 0x20, 0x20, 0x20, 0x20
.byte 0x20, 0x20, 0x20, 0x20, 0x20, 0x20, 0x20, 0x20, 0x20, 0x20, 0x20, 0x20, 0x3c, 0x2f, 0x64, 0x69
.byte 0x76, 0x3e, 0x0d, 0x0a, 0x20, 0x20, 0x20, 0x20, 0x20, 0x20, 0x20, 0x20, 0x20, 0x20, 0x20, 0x20
.byte 0x20, 0x20, 0x20, 0x20, 0x20, 0x20, 0x20, 0x20, 0x3c, 0x64, 0x69, 0x76, 0x20, 0x63, 0x6c, 0x61
.byte 0x73, 0x73, 0x3d, 0x22, 0x72, 0x65, 0x67, 0x69, 0x73, 0x74, 0x65, 0x72, 0x2d, 0x66, 0x69, 0x65
.byte 0x6c, 0x64, 0x22, 0x3e, 0x0d, 0x0a, 0x20, 0x20, 0x20, 0x20, 0x20, 0x20, 0x20, 0x20, 0x20, 0x20
.byte 0x20, 0x20, 0x20, 0x20, 0x20, 0x20, 0x20, 0x20, 0x20, 0x20, 0x20, 0x20, 0x20, 0x20, 0x3c, 0x6c
.byte 0x61, 0x62, 0x65, 0x6c, 0x20, 0x66, 0x6f, 0x72, 0x3d, 0x22, 0x72, 0x65, 0x67, 0x54, 0x30, 0x24
.byte 0x7b, 0x69, 0x7d, 0x22, 0x3e, 0x54, 0x65, 0x6d, 0x70, 0x2e, 0x20, 0x30, 0x25, 0x20, 0x28, 0x54
.byte 0x5f, 0x30, 0x25, 0x29, 0x3c, 0x2f, 0x6c, 0x61, 0x62, 0x65, 0x6c, 0x3e, 0x0d, 0x0a, 0x20, 0x20
.byte 0x20, 0x20, 0x20, 0x20, 0x20, 0x20, 0x20, 0x20, 0x20, 0x20, 0x20, 0x20, 0x20, 0x20, 0x20, 0x20
.byte 0x20, 0x20, 0x20, 0x20, 0x20, 0x20, 0x3c, 0x69, 0x6e, 0x70, 0x75, 0x74, 0x20, 0x74, 0x79, 0x70
.byte 0x65, 0x3d, 0x22, 0x6e, 0x75, 0x6d, 0x62, 0x65, 0x72, 0x22, 0x20, 0x69, 0x64, 0x3d, 0x22, 0x72
.byte 0x65, 0x67, 0x54, 0x30, 0x24, 0x7b, 0x69, 0x7d, 0x22, 0x20, 0x63, 0x6c, 0x61, 0x73, 0x73, 0x3d
.byte 0x22, 0x72, 0x65, 0x67, 0x69, 0x73, 0x74, 0x65, 0x72, 0x2d, 0x74, 0x30, 0x22, 0x20, 0x6d, 0x69
.byte 0x6e, 0x3d, 0x22, 0x2d, 0x32, 0x30, 0x22, 0x20, 0x6d, 0x61, 0x78, 0x3d, 0x22, 0x31, 0x30, 0x30
.byte 0x22, 0x20, 0x76, 0x61, 0x6c, 0x75, 0x65, 0x3d, 0x22, 0x32, 0x30, 0x22, 0x20, 0x73, 0x74, 0x65
.byte 0x70, 0x3d, 0x22, 0x30, 0x2e, 0x35, 0x22, 0x3e, 0x0d, 0x0a, 0x20, 0x20, 0x20, 0x20, 0x20, 0x20
.byte 0x20, 0x20, 0x20, 0x20, 0x20, 0x20, 0x20, 0x20, 0x20, 0x20, 0x20, 0x20, 0x20, 0x20, 0x3c, 0x2f
.byte 0x64, 0x69, 0x76, 0x3e, 0x0d, 0x0a, 0x20, 0x20, 0x20, 0x20, 0x20, 0x20, 0x20, 0x20, 0x20, 0x20
.byte 0x20, 0x20, 0x20, 0x20, 0x20, 0x20, 0x20, 0x20, 0x20, 0x20, 0x3c, 0x64, 0x69, 0x76, 0x20, 0x63
.byte 0x6c, 0x61, 0x73, 0x73, 0x3d, 0x22, 0x72, 0x65, 0x67, 0x69, 0x73, 0x74, 0x65, 0x72, 0x2d, 0x66
.byte 0x69, 0x65, 0x6c, 0x64, 0x22, 0x3e, 0x0d, 0x0a, 0x20, 0x20, 0x20, 0x20, 0x20, 0x20, 0x20, 0x20
.byte 0x20, 0x20, 0x20, 0x20, 0x20, 0x20, 0x20, 0x20, 0x20, 0x20, 0x20, 0x20, 0x20, 0x20, 0x20, 0x20
.byte 0x3c, 0x6c, 0x61, 0x62, 0x65, 0x6c, 0x20, 0x66, 0x6f, 0x72, 0x3d, 0x22, 0x72, 0x65, 0x67, 0x54
.byte 0x31, 0x30, 0x30, 0x24, 0x7b, 0x69, 0x7d, 0x22, 0x3e, 0x54, 0x65, 0x6d, 0x70, 0x2e, 0x20, 0x31
.byte 0x30, 0x30, 0x25, 0x20, 0x28, 0x54, 0x5f, 0x31, 0x30, 0x30, 0x25, 0x29, 0x3c, 0x2f, 0x6c, 0x61
.byte 0x62, 0x65, 0x6c, 0x3e, 0x0d, 0x0a, 0x20, 0x20, 0x20, 0x20, 0x20, 0x20, 0x20, 0x20, 0x20, 0x20
.byte 0x20, 0x20, 0x20, 0x20, 0x20, 0x20, 0x20, 0x20, 0x20, 0x20, 0x20, 0x20, 0x20, 0x20, 0x3c, 0x69
.byte 0x6e, 0x70, 0x75, 0x74, 0x20, 0x74, 0x79, 0x70, 0x65, 0x3d, 0x22, 0x6e, 0x75, 0x6d, 0x62, 0x65
.byte 0x72, 0x22, 0x20, 0x69, 0x64, 0x3d, 0x22, 0x72, 0x65, 0x67, 0x54, 0x31, 0x30, 0x30, 0x24, 0x7b
.byte 0x69, 0x7d, 0x22, 0x20, 0x63, 0x6c, 0x61, 0x73, 0x73, 0x3d, 0x22, 0x72, 0x65, 0x67, 0x69, 0x73
.byte 0x74, 0x65, 0x72, 0x2d, 0x74, 0x31, 0x30, 0x30, 0x22, 0x20, 0x6d, 0x69, 0x6e, 0x3d, 0x22, 0x2d
.byte 0x32, 0x30, 0x22, 0x20, 0x6d, 0x61, 0x78, 0x3d, 0x22, 0x31, 0x30, 0x30, 0x22, 0x20, 0x76, 0x61
.byte 0x6c, 0x75, 0x65, 0x3d, 0x22, 0x33, 0x30, 0x22, 0x20, 0x73, 0x74, 0x65, 0x70, 0x3d, 0x22, 0x30
.byte 0x2e, 0x35, 0x22, 0x3e, 0x0d, 0x0a, 0x20, 0x20, 0x20, 0x20, 0x20, 0x20, 0x20, 0x20, 0x20, 0x20
.byte 0x20, 0x20, 0x20, 0x20, 0x20, 0x20, 0x20, 0x20, 0x20, 0x20, 0x3c, 0x2f, 0x64, 0x69, 0x76, 0x3e
.byte 0x0d, 0x0a, 0x20, 0x20, 0x20, 0x20, 0x20, 0x20, 0x20, 0x20, 0x20, 0x20, 0x20, 0x20, 0x20, 0x20
.byte 0x20, 0x20, 0x3c, 0x2f, 0x64, 0x69, 0x76, 0x3e, 0x0d, 0x0a, 0x20, 0x20, 0x20, 0x20, 0x20, 0x20
.byte 0x20, 0x20, 0x20, 0x20, 0x20, 0x20, 0x3c, 0x2f, 0x64, 0x69, 0x76, 0x3e, 0x0d, 0x0a, 0x20, 0x20
.byte 0x20, 0x20, 0x20, 0x20, 0x20, 0x20, 0x60, 0x3b, 0x0d, 0x0a, 0x20, 0x20, 0x20, 0x20, 0x20, 0x20
.byte 0x20, 0x20, 0x63, 0x6f, 0x6e, 0x74, 0x61, 0x69, 0x6e, 0x65, 0x72, 0x2e, 0x69, 0x6e, 0x6e, 0x65
.byte 0x72, 0x48, 0x54, 0x4d, 0x4c, 0x20, 0x2b, 0x3d, 0x20, 0x72, 0x65, 0x67, 0x69, 0x73, 0x74, 0x65
.byte 0x72, 0x48, 0x54, 0x4d, 0x4c, 0x3b, 0x0d, 0x0a, 0x20, 0x20, 0x20, 0x20, 0x7d, 0x0d, 0x0a, 0x0d
.byte 0x0a, 0x20, 0x20, 0x20, 0x20, 0x2f, 0x2f, 0x20, 0x41, 0x64, 0x64, 0x20, 0x6c, 0x69, 0x73, 0x74
.byte 0x65, 0x6e, 0x65, 0x72, 0x73, 0x20, 0x61, 0x66, 0x74, 0x65, 0x72, 0x20, 0x63, 0x72, 0x65, 0x61
.byte 0x74, 0x69, 0x6f, 0x6e, 0x0d, 0x0a, 0x20, 0x20, 0x20, 0x20, 0x66, 0x6f, 0x72, 0x20, 0x28, 0x6c
.byte 0x65, 0x74, 0x20, 0x69, 0x20, 0x3d, 0x20, 0x30, 0x3b, 0x20, 0x69, 0x20, 0x3c, 0x20, 0x43, 0x4f
.byte 0x4e, 0x46, 0x49, 0x47, 0x2e, 0x4e, 0x55, 0x4d, 0x5f, 0x52, 0x45, 0x47, 0x49, 0x53, 0x54, 0x45
.byte 0x52, 0x53, 0x3b, 0x20, 0x69, 0x2b, 0x2b, 0x29, 0x20, 0x7b, 0x0d, 0x0a, 0x20, 0x20, 0x20, 0x20
.byte 0x20, 0x20, 0x20, 0x20, 0x63, 0x6f, 0x6e, 0x73, 0x74, 0x20, 0x63, 0x68, 0x65, 0x63, 0x6b, 0x62
.byte 0x6f, 0x78, 0x20, 0x3d, 0x20, 0x64, 0x6f, 0x63, 0x75, 0x6d, 0x65, 0x6e, 0x74, 0x2e, 0x67, 0x65
.byte 0x74, 0x45, 0x6c, 0x65, 0x6d, 0x65, 0x6e, 0x74, 0x42, 0x79, 0x49, 0x64, 0x28, 0x60, 0x72, 0x65
.byte 0x67, 0x41, 0x63, 0x74, 0x69, 0x76, 0x65, 0x24, 0x7b, 0x69, 0x7d, 0x60, 0x29, 0x3b, 0x0d, 0x0a
.byte 0x20, 0x20, 0x20, 0x20, 0x20, 0x20, 0x20, 0x20, 0x69, 0x66, 0x28, 0x63, 0x68, 0x65, 0x63, 0x6b
.byte 0x62, 0x6f, 0x78, 0x29, 0x20, 0x7b, 0x0d, 0x0a, 0x20, 0x20, 0x20, 0x20, 0x20, 0x20, 0x20, 0x20
.byte 0x20, 0x20, 0x20, 0x20, 0x63, 0x68, 0x65, 0x63, 0x6b, 0x62, 0x6f, 0x78, 0x2e, 0x61, 0x64, 0x64
.byte 0x45, 0x76, 0x65, 0x6e, 0x74, 0x4c, 0x69, 0x73, 0x74, 0x65, 0x6e, 0x65, 0x72, 0x28, 0x27, 0x63
.byte 0x68, 0x61, 0x6e, 0x67, 0x65, 0x27, 0x2c, 0x20, 0x28, 0x65, 0x29, 0x20, 0x3d, 0x3e, 0x20, 0x7b
.byte 0x0d, 0x0a, 0x20, 0x20, 0x20, 0x20, 0x20, 0x20, 0x20, 0x20, 0x20, 0x20, 0x20, 0x20, 0x20, 0x20
.byte 0x20, 0x20, 0x75, 0x70, 0x64, 0x61, 0x74, 0x65, 0x52, 0x65, 0x67, 0x69, 0x73, 0x74, 0x65, 0x72
.byte 0x49, 0x74, 0x65, 0x6d, 0x56, 0x69, 0x73, 0x75, 0x61, 0x6c, 0x53, 0x74, 0x61, 0x74, 0x65, 0x28
.byte 0x69, 0x2c, 0x20, 0x65, 0x2e, 0x74, 0x61, 0x72, 0x67, 0x65, 0x74, 0x2e, 0x63, 0x68, 0x65, 0x63
.byte 0x6b, 0x65, 0x64, 0x29, 0x3b, 0x0d, 0x0a, 0x20, 0x20, 0x20, 0x20, 0x20, 0x20, 0x20, 0x20, 0x20
.byte 0x20, 0x20, 0x20, 0x7d, 0x29, 0x3b, 0x0d, 0x0a, 0x20, 0x20, 0x20, 0x20, 0x20, 0x20, 0x20, 0x20
.byte 0x20, 0x20, 0x20, 0x20, 0x2f, 0x2f, 0x20, 0x49, 0x6e, 0x69, 0x74, 0x20, 0x73, 0x74, 0x61, 0x74
.byte 0x65, 0x0d, 0x0a, 0x20, 0x20, 0x20, 0x20, 0x20, 0x20, 0x20, 0x20, 0x20, 0x20, 0x20, 0x20, 0x75
.byte 0x70, 0x64, 0x61, 0x74, 0x65, 0x52, 0x65, 0x67, 0x69, 0x73, 0x74, 0x65, 0x72, 0x49, 0x74, 0x65
.byte 0x6d, 0x56, 0x69, 0x73, 0x75, 0x61, 0x6c, 0x53, 0x74, 0x61, 0x74, 0x65, 0x28, 0x69, 0x2c, 0x20
.byte 0x63, 0x68, 0x65, 0x63, 0x6b, 0x62, 0x6f, 0x78, 0x2e, 0x63, 0x68, 0x65, 0x63, 0x6b, 0x65, 0x64
.byte 0x29, 0x3b, 0x0d, 0x0a, 0x20, 0x20, 0x20, 0x20, 0x20, 0x20, 0x20, 0x20, 0x7d, 0x0d, 0x0a, 0x20
.byte 0x20, 0x20, 0x20, 0x7d, 0x0d, 0x0a, 0x7d, 0x0d, 0x0a, 0x0d, 0x0a, 0x66, 0x75, 0x6e, 0x63, 0x74
.byte 0x69, 0x6f, 0x6e, 0x20, 0x75, 0x70, 0x64, 0x61, 0x74, 0x65, 0x52, 0x65, 0x67, 0x69, 0x73, 0x74
.byte 0x65, 0x72, 0x49, 0x74, 0x65, 0x6d, 0x56, 0x69, 0x73, 0x75, 0x61, 0x6c, 0x53, 0x74, 0x61, 0x74
.byte 0x65, 0x28, 0x69, 0x6e, 0x64, 0x65, 0x78, 0x2c, 0x20, 0x69, 0x73, 0x41, 0x63, 0x74, 0x69, 0x76
.byte 0x65, 0x29, 0x20, 0x7b, 0x0d, 0x0a, 0x20, 0x20, 0x20, 0x20, 0x63, 0x6f, 0x6e, 0x73, 0x74, 0x20
.byte 0x69, 0x74, 0x65, 0x6d, 0x20, 0x3d, 0x20, 0x64, 0x6f, 0x63, 0x75, 0x6d, 0x65, 0x6e, 0x74, 0x2e
.byte 0x67, 0x65, 0x74, 0x45, 0x6c, 0x65, 0x6d, 0x65, 0x6e, 0x74, 0x42, 0x79, 0x49, 0x64, 0x28, 0x60
.byte 0x72, 0x65, 0x67, 0x69, 0x73, 0x74, 0x65, 0x72, 0x24, 0x7b, 0x69, 0x6e, 0x64, 0x65, 0x78, 0x7d
.byte 0x60, 0x29, 0x3b, 0x0d, 0x0a, 0x20, 0x20, 0x20, 0x20, 0x69, 0x66, 0x28, 0x69, 0x74, 0x65, 0x6d
.byte 0x29, 0x20, 0x7b, 0x0d, 0x0a, 0x20, 0x20, 0x20, 0x20, 0x20, 0x20, 0x20, 0x20, 0x69, 0x66, 0x20
.byte 0x28, 0x69, 0x73, 0x41, 0x63, 0x74, 0x69, 0x76, 0x65, 0x29, 0x20, 0x7b, 0x0d, 0x0a, 0x20, 0x20
.byte 0x20, 0x20, 0x20, 0x20, 0x20, 0x20, 0x20, 0x20, 0x20, 0x20, 0x69, 0x74, 0x65, 0x6d, 0x2e, 0x63
.byte 0x6c, 0x61, 0x73, 0x73, 0x4c, 0x69, 0x73, 0x74, 0x2e, 0x72, 0x65, 0x6d, 0x6f, 0x76, 0x65, 0x28
.byte 0x27, 0x64, 0x69, 0x73, 0x61, 0x62, 0x6c, 0x65, 0x64, 0x27, 0x29, 0x3b, 0x0d, 0x0a, 0x20, 0x20
.byte 0x20, 0x20, 0x20, 0x20, 0x20, 0x20, 0x7d, 0x20, 0x65, 0x6c, 0x73, 0x65, 0x20, 0x7b, 0x0d, 0x0a
.byte 0x20, 0x20, 0x20, 0x20, 0x20, 0x20, 0x20, 0x20, 0x20, 0x20, 0x20, 0x20, 0x69, 0x74, 0x65, 0x6d
.byte 0x2e, 0x63, 0x6c, 0x61, 0x73, 0x73, 0x4c, 0x69, 0x73, 0x74, 0x2e, 0x61, 0x64, 0x64, 0x28, 0x27
.byte 0x64, 0x69, 0x73, 0x61, 0x62, 0x6c, 0x65, 0x64, 0x27, 0x29, 0x3b, 0x0d, 0x0a, 0x20, 0x20, 0x20
.byte 0x20, 0x20, 0x20, 0x20, 0x20, 0x7d, 0x0d, 0x0a, 0x20, 0x20, 0x20, 0x20, 0x7d, 0x0d, 0x0a, 0x7d
.byte 0x0d, 0x0a, 0x0d, 0x0a, 0x61, 0x73, 0x79, 0x6e, 0x63, 0x20, 0x66, 0x75, 0x6e, 0x63, 0x74, 0x69
.byte 0x6f, 0x6e, 0x20, 0x73, 0x61, 0x76, 0x65, 0x50, 0x72, 0x6f, 0x67, 0x72, 0x61, 0x6d, 0x6d, 0x65
.byte 0x64, 0x43, 0x6f, 0x6e, 0x66, 0x69, 0x67, 0x28, 0x29, 0x20, 0x7b, 0x0d, 0x0a, 0x20, 0x20, 0x20
.byte 0x20, 0x63, 0x6f, 0x6e, 0x73, 0x74, 0x20, 0x72, 0x65, 0x67, 0x69, 0x73, 0x74, 0x65, 0x72, 0x73
.byte 0x20, 0x3d, 0x20, 0x5b, 0x5d, 0x3b, 0x0d, 0x0a, 0x0d, 0x0a, 0x20, 0x20, 0x20, 0x20, 0x66, 0x6f
.byte 0x72, 0x20, 0x28, 0x6c, 0x65, 0x74, 0x20, 0x69, 0x20, 0x3d, 0x20, 0x30, 0x3b, 0x20, 0x69, 0x20
.byte 0x3c, 0x20, 0x43, 0x4f, 0x4e, 0x46, 0x49, 0x47, 0x2e, 0x4e, 0x55, 0x4d, 0x5f, 0x52, 0x45, 0x47
.byte 0x49, 0x53, 0x54, 0x45, 0x52, 0x53, 0x3b, 0x20, 0x69, 0x2b, 0x2b, 0x29, 0x20, 0x7b, 0x0d, 0x0a
.byte 0x20, 0x20, 0x20, 0x20, 0x20, 0x20, 0x20, 0x20, 0x63, 0x6f, 0x6e, 0x73, 0x74, 0x20, 0x69, 0x73
.byte 0x41, 0x63, 0x74, 0x69, 0x76, 0x65, 0x20, 0x3d, 0x20, 0x64, 0x6f, 0x63, 0x75, 0x6d, 0x65, 0x6e
.byte 0x74, 0x2e, 0x67, 0x65, 0x74, 0x45, 0x6c, 0x65, 0x6d, 0x65, 0x6e, 0x74, 0x42, 0x79, 0x49, 0x64
.byte 0x28, 0x60, 0x72, 0x65, 0x67, 0x41, 0x63, 0x74, 0x69, 0x76, 0x65, 0x24, 0x7b, 0x69, 0x7d, 0x60
.byte 0x29, 0x2e, 0x63, 0x68, 0x65, 0x63, 0x6b, 0x65, 0x64, 0x3b, 0x0d, 0x0a, 0x20, 0x20, 0x20, 0x20
.byte 0x20, 0x20, 0x20, 0x20, 0x63, 0x6f, 0x6e, 0x73, 0x74, 0x20, 0x73, 0x74, 0x61, 0x72, 0x74, 0x20
.byte 0x3d, 0x20, 0x64, 0x6f, 0x63, 0x75, 0x6d, 0x65, 0x6e, 0x74, 0x2e, 0x67, 0x65, 0x74, 0x45, 0x6c
.byte 0x65, 0x6d, 0x65, 0x6e, 0x74, 0x42, 0x79, 0x49, 0x64, 0x28, 0x60, 0x72, 0x65, 0x67, 0x53, 0x74
.byte 0x61, 0x72, 0x74, 0x24, 0x7b, 0x69, 0x7d, 0x60, 0x29, 0x2e, 0x76, 0x61, 0x6c, 0x75, 0x65, 0x3b
.byte 0x0d, 0x0a, 0x20, 0x20, 0x20, 0x20, 0x20, 0x20, 0x20, 0x20, 0x63, 0x6f, 0x6e, 0x73, 0x74, 0x20
.byte 0x65, 0x6e, 0x64, 0x20, 0x3d, 0x20, 0x64, 0x6f, 0x63, 0x75, 0x6d, 0x65, 0x6e, 0x74, 0x2e, 0x67
.byte 0x65, 0x74, 0x45, 0x6c, 0x65, 0x6d, 0x65, 0x6e, 0x74, 0x42, 0x79, 0x49, 0x64, 0x28, 0x60, 0x72
.byte 0x65, 0x67, 0x45, 0x6e, 0x64, 0x24, 0x7b, 0x69, 0x7d, 0x60, 0x29, 0x2e, 0x76, 0x61, 0x6c, 0x75
.byte 0x65, 0x3b, 0x0d, 0x0a, 0x20, 0x20, 0x20, 0x20, 0x20, 0x20, 0x20, 0x20, 0x63, 0x6f, 0x6e, 0x73
.byte 0x74, 0x20, 0x74, 0x30, 0x20, 0x3d, 0x20, 0x70, 0x61, 0x72, 0x73, 0x65, 0x46, 0x6c, 0x6f, 0x61
.byte 0x74, 0x28, 0x64, 0x6f, 0x63, 0x75, 0x6d, 0x65, 0x6e, 0x74, 0x2e, 0x67, 0x65, 0x74, 0x45, 0x6c
.byte 0x65, 0x6d, 0x65, 0x6e, 0x74, 0x42, 0x79, 0x49, 0x64, 0x28, 0x60, 0x72, 0x65, 0x67, 0x54, 0x30
.byte 0x24, 0x7b, 0x69, 0x7d, 0x60, 0x29, 0x2e, 0x76, 0x61, 0x6c, 0x75, 0x65, 0x29, 0x3b, 0x0d, 0x0a
.byte 0x20, 0x20, 0x20, 0x20, 0x20, 0x20, 0x20, 0x20, 0x63, 0x6f, 0x6e, 0x73, 0x74, 0x20, 0x74, 0x31
.byte 0x30, 0x30, 0x20, 0x3d, 0x20, 0x70, 0x61, 0x72, 0x73, 0x65, 0x46, 0x6c, 0x6f, 0x61, 0x74, 0x28
.byte 0x64, 0x6f, 0x63, 0x75, 0x6d, 0x65, 0x6e, 0x74, 0x2e, 0x67, 0x65, 0x74, 0x45, 0x6c, 0x65, 0x6d
.byte 0x65, 0x6e, 0x74, 0x42, 0x79, 0x49, 0x64, 0x28, 0x60, 0x72, 0x65, 0x67, 0x54, 0x31, 0x30, 0x30
.byte 0x24, 0x7b, 0x69, 0x7d, 0x60, 0x29, 0x2e, 0x76, 0x61, 0x6c, 0x75, 0x65, 0x29, 0x3b, 0x0d, 0x0a
.byte 0x0d, 0x0a, 0x20, 0x20, 0x20, 0x20, 0x20, 0x20, 0x20, 0x20, 0x69, 0x66, 0x20, 0x28, 0x21, 0x73
.byte 0x74, 0x61, 0x72, 0x74, 0x20, 0x7c, 0x7c, 0x20, 0x21, 0x65, 0x6e, 0x64, 0x20, 0x7c, 0x7c, 0x20
.byte 0x69, 0x73, 0x4e, 0x61, 0x4e, 0x28, 0x74, 0x30, 0x29, 0x20, 0x7c, 0x7c, 0x20, 0x69, 0x73, 0x4e
.byte 0x61, 0x4e, 0x28, 0x74, 0x31, 0x30, 0x30, 0x29, 0x29, 0x20, 0x7b, 0x0d, 0x0a, 0x20, 0x20, 0x20
.byte 0x20, 0x20, 0x20, 0x20, 0x20, 0x20, 0x20, 0x20, 0x20, 0x73, 0x68, 0x6f, 0x77, 0x46, 0x65, 0x65
.byte 0x64, 0x62, 0x61, 0x63, 0x6b, 0x28, 0x27, 0x66, 0x65, 0x65, 0x64, 0x62, 0x61, 0x63, 0x6b, 0x50
.byte 0x72, 0x6f, 0x67, 0x72, 0x61, 0x6d, 0x6d, 0x65, 0x64, 0x27, 0x2c, 0x20, 0x60, 0x52, 0x65, 0x67
.byte 0x69, 0x73, 0x74, 0x72, 0x6f, 0x20, 0x24, 0x7b, 0x69, 0x20, 0x2b, 0x20, 0x31, 0x7d, 0x3a, 0x20
.byte 0x43, 0x6f, 0x6d, 0x70, 0x6c, 0x65, 0x74, 0x61, 0x20, 0x74, 0x6f, 0x64, 0x6f, 0x73, 0x20, 0x6c
.byte 0x6f, 0x73, 0x20, 0x63, 0x61, 0x6d, 0x70, 0x6f, 0x73, 0x60, 0x2c, 0x20, 0x27, 0x65, 0x72, 0x72
.byte 0x6f, 0x72, 0x27, 0x29, 0x3b, 0x0d, 0x0a, 0x20, 0x20, 0x20, 0x20, 0x20, 0x20, 0x20, 0x20, 0x20
.byte 0x20, 0x20, 0x20, 0x72, 0x65, 0x74, 0x75, 0x72, 0x6e, 0x3b, 0x0d, 0x0a, 0x20, 0x20, 0x20, 0x20
.byte 0x20, 0x20, 0x20, 0x20, 0x7d, 0x0d, 0x0a, 0x0d, 0x0a, 0x20, 0x20, 0x20, 0x20, 0x20, 0x20, 0x20
.byte 0x20, 0x69, 0x66, 0x20, 0x28, 0x74, 0x30, 0x20, 0x3e, 0x3d, 0x20, 0x74, 0x31, 0x30, 0x30, 0x29
.byte 0x20, 0x7b, 0x0d, 0x0a, 0x20, 0x20, 0x20, 0x20, 0x20, 0x20, 0x20, 0x20, 0x20, 0x20, 0x20, 0x20
.byte 0x73, 0x68, 0x6f, 0x77, 0x46, 0x65, 0x65, 0x64, 0x62, 0x61, 0x63, 0x6b, 0x28, 0x27, 0x66, 0x65
.byte 0x65, 0x64, 0x62, 0x61, 0x63, 0x6b, 0x50, 0x72, 0x6f, 0x67, 0x72, 0x61, 0x6d, 0x6d, 0x65, 0x64
.byte 0x27, 0x2c, 0x20, 0x60, 0x52, 0x65, 0x67, 0x69, 0x73, 0x74, 0x72, 0x6f, 0x20, 0x24, 0x7b, 0x69
.byte 0x20, 0x2b, 0x20, 0x31, 0x7d, 0x3a, 0x20, 0x54, 0x5f, 0x30, 0x25, 0x20, 0x64, 0x65, 0x62, 0x65
.byte 0x20, 0x73, 0x65, 0x72, 0x20, 0x6d, 0x65, 0x6e, 0x6f, 0x72, 0x20, 0x71, 0x75, 0x65, 0x20, 0x54
.byte 0x5f, 0x31, 0x30, 0x30, 0x25, 0x60, 0x2c, 0x20, 0x27, 0x65, 0x72, 0x72, 0x6f, 0x72, 0x27, 0x29
.byte 0x3b, 0x0d, 0x0a, 0x20, 0x20, 0x20, 0x20, 0x20, 0x20, 0x20, 0x20, 0x20, 0x20, 0x20, 0x20, 0x72
.byte 0x65, 0x74, 0x75, 0x72, 0x6e, 0x3b, 0x0d, 0x0a, 0x20, 0x20, 0x20, 0x20, 0x20, 0x20, 0x20, 0x20
.byte 0x7d, 0x0d, 0x0a, 0x0d, 0x0a, 0x20, 0x20, 0x20, 0x20, 0x20, 0x20, 0x20, 0x20, 0x72, 0x65, 0x67
.byte 0x69, 0x73, 0x74, 0x65, 0x72, 0x73, 0x2e, 0x70, 0x75, 0x73, 0x68, 0x28, 0x7b, 0x0d, 0x0a, 0x20
.byte 0x20, 0x20, 0x20, 0x20, 0x20, 0x20, 0x20, 0x20, 0x20, 0x20, 0x20, 0x61, 0x63, 0x74, 0x69, 0x76
.byte 0x65, 0x3a, 0x20, 0x69, 0x73, 0x41, 0x63, 0x74, 0x69, 0x76, 0x65, 0x20, 0x3f, 0x20, 0x31, 0x20
.byte 0x3a, 0x20, 0x30, 0x2c, 0x20, 0x2f, 0x2f, 0x20, 0x43, 0x6f, 0x6e, 0x76, 0x65, 0x72, 0x74, 0x20
.byte 0x62, 0x6f, 0x6f, 0x6c, 0x65, 0x61, 0x6e, 0x20, 0x74, 0x6f, 0x20, 0x69, 0x6e, 0x74, 0x20, 0x66
.byte 0x6f, 0x72, 0x20, 0x43, 0x20, 0x63, 0x6f, 0x64, 0x65, 0x0d, 0x0a, 0x20, 0x20, 0x20, 0x20, 0x20
.byte 0x20, 0x20, 0x20, 0x20, 0x20, 0x20, 0x20, 0x73, 0x74, 0x61, 0x72, 0x74, 0x54, 0x69, 0x6d, 0x65
.byte 0x3a, 0x20, 0x73, 0x74, 0x61, 0x72, 0x74, 0x2c, 0x0d, 0x0a, 0x20, 0x20, 0x20, 0x20, 0x20, 0x20
.byte 0x20, 0x20, 0x20, 0x20, 0x20, 0x20, 0x65, 0x6e, 0x64, 0x54, 0x69, 0x6d, 0x65, 0x3a, 0x20, 0x65
.byte 0x6e, 0x64, 0x2c, 0x0d, 0x0a, 0x20, 0x20, 0x20, 0x20, 0x20, 0x20, 0x20, 0x20, 0x20, 0x20, 0x20
.byte 0x20, 0x74, 0x65, 0x6d, 0x70, 0x4d, 0x69, 0x6e, 0x3a, 0x20, 0x74, 0x30, 0x2c, 0x0d, 0x0a, 0x20
.byte 0x20, 0x20, 0x20, 0x20, 0x20, 0x20, 0x20, 0x20, 0x20, 0x20, 0x20, 0x74, 0x65, 0x6d, 0x70, 0x4d
.byte 0x61, 0x78, 0x3a, 0x20, 0x74, 0x31, 0x30, 0x30, 0x0d, 0x0a, 0x20, 0x20, 0x20, 0x20, 0x20, 0x20
.byte 0x20, 0x20, 0x7d, 0x29, 0x3b, 0x0d, 0x0a, 0x20, 0x20, 0x20, 0x20, 0x7d, 0x0d, 0x0a, 0x0d, 0x0a
.byte 0x20, 0x20, 0x20, 0x20, 0x74, 0x72, 0x79, 0x20, 0x7b, 0x0d, 0x0a, 0x20, 0x20, 0x20, 0x20, 0x20
.byte 0x20, 0x20, 0x20, 0x63, 0x6f, 0x6e, 0x73, 0x74, 0x20, 0x72, 0x65, 0x73, 0x70, 0x6f, 0x6e, 0x73
.byte 0x65, 0x20, 0x3d, 0x20, 0x61, 0x77, 0x61, 0x69, 0x74, 0x20, 0x66, 0x65, 0x74, 0x63, 0x68, 0x28
.byte 0x43, 0x4f, 0x4e, 0x46, 0x49, 0x47, 0x2e, 0x41, 0x50, 0x49, 0x5f, 0x45, 0x4e, 0x44, 0x50, 0x4f
.byte 0x49, 0x4e, 0x54, 0x53, 0x2e, 0x53, 0x41, 0x56, 0x45, 0x5f, 0x50, 0x52, 0x4f, 0x47, 0x52, 0x41
.byte 0x4d, 0x4d, 0x45, 0x44, 0x2c, 0x20, 0x7b, 0x0d, 0x0a, 0x20, 0x20, 0x20, 0x20, 0x20, 0x20, 0x20
.byte 0x20, 0x20, 0x20, 0x20, 0x20, 0x6d, 0x65, 0x74, 0x68, 0x6f, 0x64, 0x3a, 0x20, 0x27, 0x50, 0x4f
.byte 0x53, 0x54, 0x27, 0x2c, 0x0d, 0x0a, 0x20, 0x20, 0x20, 0x20, 0x20, 0x20, 0x20, 0x20, 0x20, 0x20
.byte 0x20, 0x20, 0x68, 0x65, 0x61, 0x64, 0x65, 0x72, 0x73, 0x3a, 0x20, 0x7b, 0x20, 0x27, 0x43, 0x6f
.byte 0x6e, 0x74, 0x65, 0x6e, 0x74, 0x2d, 0x54, 0x79, 0x70, 0x65, 0x27, 0x3a, 0x20, 0x27, 0x61, 0x70
.byte 0x70, 0x6c, 0x69, 0x63, 0x61, 0x74, 0x69, 0x6f, 0x6e, 0x2f, 0x6a, 0x73, 0x6f, 0x6e, 0x27, 0x20
.byte 0x7d, 0x2c, 0x0d, 0x0a, 0x20, 0x20, 0x20, 0x20, 0x20, 0x20, 0x20, 0x20, 0x20, 0x20, 0x20, 0x20
.byte 0x62, 0x6f, 0x64, 0x79, 0x3a, 0x20, 0x4a, 0x53, 0x4f, 0x4e, 0x2e, 0x73, 0x74, 0x72, 0x69, 0x6e
.byte 0x67, 0x69, 0x66, 0x79, 0x28, 0x7b, 0x20, 0x72, 0x65, 0x67, 0x69, 0x73, 0x74, 0x65, 0x72, 0x73
.byte 0x3a, 0x20, 0x72, 0x65, 0x67, 0x69, 0x73, 0x74, 0x65, 0x72, 0x73, 0x20, 0x7d, 0x29, 0x0d, 0x0a
.byte 0x20, 0x20, 0x20, 0x20, 0x20, 0x20, 0x20, 0x20, 0x7d, 0x29, 0x3b, 0x0d, 0x0a, 0x0d, 0x0a, 0x20
.byte 0x20, 0x20, 0x20, 0x20, 0x20, 0x20, 0x20, 0x69, 0x66, 0x20, 0x28, 0x21, 0x72, 0x65, 0x73, 0x70
.byte 0x6f, 0x6e, 0x73, 0x65, 0x2e, 0x6f, 0x6b, 0x29, 0x20, 0x7b, 0x0d, 0x0a, 0x20, 0x20, 0x20, 0x20
.byte 0x20, 0x20, 0x20, 0x20, 0x20, 0x20, 0x20, 0x20, 0x74, 0x68, 0x72, 0x6f, 0x77, 0x20, 0x6e, 0x65
.byte 0x77, 0x20, 0x45, 0x72, 0x72, 0x6f, 0x72, 0x28, 0x60, 0x45, 0x72, 0x72, 0x6f, 0x72, 0x3a, 0x20
.byte 0x24, 0x7b, 0x72, 0x65, 0x73, 0x70, 0x6f, 0x6e, 0x73, 0x65, 0x2e, 0x73, 0x74, 0x61, 0x74, 0x75
.byte 0x73, 0x7d, 0x60, 0x29, 0x3b, 0x0d, 0x0a, 0x20, 0x20, 0x20, 0x20, 0x20, 0x20, 0x20, 0x20, 0x7d
.byte 0x0d, 0x0a, 0x0d, 0x0a, 0x20, 0x20, 0x20, 0x20, 0x20, 0x20, 0x20, 0x20, 0x73, 0x68, 0x6f, 0x77
.byte 0x46, 0x65, 0x65, 0x64, 0x62, 0x61, 0x63, 0x6b, 0x28, 0x27, 0x66, 0x65, 0x65, 0x64, 0x62, 0x61
.byte 0x63, 0x6b, 0x50, 0x72, 0x6f, 0x67, 0x72, 0x61, 0x6d, 0x6d, 0x65, 0x64, 0x27, 0x2c, 0x20, 0x27
.byte 0xe2, 0x9c, 0x93, 0x20, 0x43, 0x6f, 0x6e, 0x66, 0x69, 0x67, 0x75, 0x72, 0x61, 0x63, 0x69, 0xc3
.byte 0xb3, 0x6e, 0x20, 0x70, 0x72, 0x6f, 0x67, 0x72, 0x61, 0x6d, 0x61, 0x64, 0x61, 0x20, 0x67, 0x75
.byte 0x61, 0x72, 0x64, 0x61, 0x64, 0x61, 0x20, 0x63, 0x6f, 0x72, 0x72, 0x65, 0x63, 0x74, 0x61, 0x6d
.byte 0x65, 0x6e, 0x74, 0x65, 0x27, 0x2c, 0x20, 0x27, 0x73, 0x75, 0x63, 0x63, 0x65, 0x73, 0x73, 0x27
.byte 0x29, 0x3b, 0x0d, 0x0a, 0x20, 0x20, 0x20, 0x20, 0x7d, 0x20, 0x63, 0x61, 0x74, 0x63, 0x68, 0x20
.byte 0x28, 0x65, 0x72, 0x72, 0x6f, 0x72, 0x29, 0x20, 0x7b, 0x0d, 0x0a, 0x20, 0x20, 0x20, 0x20, 0x20
.byte 0x20, 0x20, 0x20, 0x63, 0x6f, 0x6e, 0x73, 0x6f, 0x6c, 0x65, 0x2e, 0x77, 0x61, 0x72, 0x6e, 0x28
.byte 0x27, 0x45, 0x72, 0x72, 0x6f, 0x72, 0x20, 0x61, 0x6c, 0x20, 0x67, 0x75, 0x61, 0x72, 0x64, 0x61
.byte 0x72, 0x20, 0x63, 0x6f, 0x6e, 0x66, 0x69, 0x67, 0x75, 0x72, 0x61, 0x63, 0x69, 0xc3, 0xb3, 0x6e
.byte 0x20, 0x70, 0x72, 0x6f, 0x67, 0x72, 0x61, 0x6d, 0x61, 0x64, 0x61, 0x3a, 0x27, 0x2c, 0x20, 0x65
.byte 0x72, 0x72, 0x6f, 0x72, 0x29, 0x3b, 0x0d, 0x0a, 0x20, 0x20, 0x20, 0x20, 0x20, 0x20, 0x20, 0x20
.byte 0x73, 0x68, 0x6f, 0x77, 0x46, 0x65, 0x65, 0x64, 0x62, 0x61, 0x63, 0x6b, 0x28, 0x27, 0x66, 0x65
.byte 0x65, 0x64, 0x62, 0x61, 0x63, 0x6b, 0x50, 0x72, 0x6f, 0x67, 0x72, 0x61, 0x6d, 0x6d, 0x65, 0x64
.byte 0x27, 0x2c, 0x20, 0x27, 0xe2, 0x9a, 0xa0, 0x20, 0x45, 0x72, 0x72, 0x6f, 0x72, 0x20, 0x64, 0x65
.byte 0x20, 0x63, 0x6f, 0x6e, 0x65, 0x78, 0x69, 0xc3, 0xb3, 0x6e, 0x27, 0x2c, 0x20, 0x27, 0x65, 0x72
.byte 0x72, 0x6f, 0x72, 0x27, 0x29, 0x3b, 0x0d, 0x0a, 0x20, 0x20, 0x20, 0x20, 0x7d, 0x0d, 0x0a, 0x7d
.byte 0x0d, 0x0a, 0x0d, 0x0a, 0x2f, 0x2f, 0x20, 0x3d, 0x3d, 0x3d, 0x3d, 0x3d, 0x3d, 0x3d, 0x3d, 0x3d
.byte 0x3d, 0x20, 0x4f, 0x54, 0x41, 0x20, 0x55, 0x50, 0x44, 0x41, 0x54, 0x45, 0x20, 0x3d, 0x3d, 0x3d
.byte 0x3d, 0x3d, 0x3d, 0x3d, 0x3d, 0x3d, 0x3d, 0x0d, 0x0a, 0x66, 0x75, 0x6e, 0x63, 0x74, 0x69, 0x6f
.byte 0x6e, 0x20, 0x68, 0x61, 0x6e, 0x64, 0x6c, 0x65, 0x46, 0x69, 0x6c, 0x65, 0x53, 0x65, 0x6c, 0x65
.byte 0x63, 0x74, 0x28, 0x65, 0x29, 0x20, 0x7b, 0x0d, 0x0a, 0x20, 0x20, 0x20, 0x20, 0x63, 0x6f, 0x6e
.byte 0x73, 0x74, 0x20, 0x66, 0x69, 0x6c, 0x65, 0x20, 0x3d, 0x20, 0x65, 0x2e, 0x74, 0x61, 0x72, 0x67
.byte 0x65, 0x74, 0x2e, 0x66, 0x69, 0x6c, 0x65, 0x73, 0x5b, 0x30, 0x5d, 0x3b, 0x0d, 0x0a, 0x20, 0x20
.byte 0x20, 0x20, 0x69, 0x66, 0x20, 0x28, 0x21, 0x66, 0x69, 0x6c, 0x65, 0x29, 0x20, 0x72, 0x65, 0x74
.byte 0x75, 0x72, 0x6e, 0x3b, 0x0d, 0x0a, 0x0d, 0x0a, 0x20, 0x20, 0x20, 0x20, 0x63, 0x6f, 0x6e, 0x73
.byte 0x74, 0x20, 0x66, 0x69, 0x6c, 0x65, 0x54, 0x65, 0x78, 0x74, 0x20, 0x3d, 0x20, 0x64, 0x6f, 0x63
.byte 0x75, 0x6d, 0x65, 0x6e, 0x74, 0x2e, 0x67, 0x65, 0x74, 0x45, 0x6c, 0x65, 0x6d, 0x65, 0x6e, 0x74
.byte 0x42, 0x79, 0x49, 0x64, 0x28, 0x27, 0x66, 0x69, 0x6c, 0x65, 0x54, 0x65, 0x78, 0x74, 0x27, 0x29
.byte 0x3b, 0x0d, 0x0a, 0x20, 0x20, 0x20, 0x20, 0x63, 0x6f, 0x6e, 0x73, 0x74, 0x20, 0x62, 0x74, 0x6e
.byte 0x53, 0x65, 0x6e, 0x64, 0x46, 0x69, 0x72, 0x6d, 0x77, 0x61, 0x72, 0x65, 0x20, 0x3d, 0x20, 0x64
.byte 0x6f, 0x63, 0x75, 0x6d, 0x65, 0x6e, 0x74, 0x2e, 0x67, 0x65, 0x74, 0x45, 0x6c, 0x65, 0x6d, 0x65
.byte 0x6e, 0x74, 0x42, 0x79, 0x49, 0x64, 0x28, 0x27, 0x62, 0x74, 0x6e, 0x53, 0x65, 0x6e, 0x64, 0x46
.byte 0x69, 0x72, 0x6d, 0x77, 0x61, 0x72, 0x65, 0x27, 0x29, 0x3b, 0x0d, 0x0a, 0x0d, 0x0a, 0x20, 0x20
.byte 0x20, 0x20, 0x69, 0x66, 0x20, 0x28, 0x21, 0x66, 0x69, 0x6c, 0x65, 0x2e, 0x6e, 0x61, 0x6d, 0x65
.byte 0x2e, 0x65, 0x6e, 0x64, 0x73, 0x57, 0x69, 0x74, 0x68, 0x28, 0x27, 0x2e, 0x62, 0x69, 0x6e, 0x27
.byte 0x29, 0x29, 0x20, 0x7b, 0x0d, 0x0a, 0x20, 0x20, 0x20, 0x20, 0x20, 0x20, 0x20, 0x20, 0x66, 0x69
.byte 0x6c, 0x65, 0x54, 0x65, 0x78, 0x74, 0x2e, 0x74, 0x65, 0x78, 0x74, 0x43, 0x6f, 0x6e, 0x74, 0x65
.byte 0x6e, 0x74, 0x20, 0x3d, 0x20, 0x27, 0xe2, 0x9d, 0x8c, 0x20, 0x53, 0x6f, 0x6c, 0x6f, 0x20, 0x73
.byte 0x65, 0x20, 0x61, 0x63, 0x65, 0x70, 0x74, 0x61, 0x6e, 0x20, 0x61, 0x72, 0x63, 0x68, 0x69, 0x76
.byte 0x6f, 0x73, 0x20, 0x2e, 0x62, 0x69, 0x6e, 0x27, 0x3b, 0x0d, 0x0a, 0x20, 0x20, 0x20, 0x20, 0x20
.byte 0x20, 0x20, 0x20, 0x62, 0x74, 0x6e, 0x53, 0x65, 0x6e, 0x64, 0x46, 0x69, 0x72, 0x6d, 0x77, 0x61
.byte 0x72, 0x65, 0x2e, 0x64, 0x69, 0x73, 0x61, 0x62, 0x6c, 0x65, 0x64, 0x20, 0x3d, 0x20, 0x74, 0x72
.byte 0x75, 0x65, 0x3b, 0x0d, 0x0a, 0x20, 0x20, 0x20, 0x20, 0x20, 0x20, 0x20, 0x20, 0x72, 0x65, 0x74
.byte 0x75, 0x72, 0x6e, 0x3b, 0x0d, 0x0a, 0x20, 0x20, 0x20, 0x20, 0x7d, 0x0d, 0x0a, 0x0d, 0x0a, 0x20
.byte 0x20, 0x20, 0x20, 0x66, 0x69, 0x6c, 0x65, 0x54, 0x65, 0x78, 0x74, 0x2e, 0x69, 0x6e, 0x6e, 0x65
.byte 0x72, 0x48, 0x54, 0x4d, 0x4c, 0x20, 0x3d, 0x20, 0x60, 0xe2, 0x9c, 0x93, 0x20, 0x24, 0x7b, 0x66
.byte 0x69, 0x6c, 0x65, 0x2e, 0x6e, 0x61, 0x6d, 0x65, 0x7d, 0x20, 0x28, 0x24, 0x7b, 0x66, 0x6f, 0x72
.byte 0x6d, 0x61, 0x74, 0x46, 0x69, 0x6c, 0x65, 0x53, 0x69, 0x7a, 0x65, 0x28, 0x66, 0x69, 0x6c, 0x65
.byte 0x2e, 0x73, 0x69, 0x7a, 0x65, 0x29, 0x7d, 0x29, 0x60, 0x3b, 0x0d, 0x0a, 0x20, 0x20, 0x20, 0x20
.byte 0x62, 0x74, 0x6e, 0x53, 0x65, 0x6e, 0x64, 0x46, 0x69, 0x72, 0x6d, 0x77, 0x61, 0x72, 0x65, 0x2e
.byte 0x64, 0x69, 0x73, 0x61, 0x62, 0x6c, 0x65, 0x64, 0x20, 0x3d, 0x20, 0x66, 0x61, 0x6c, 0x73, 0x65
.byte 0x3b, 0x0d, 0x0a, 0x7d, 0x0d, 0x0a, 0x0d, 0x0a, 0x66, 0x75, 0x6e, 0x63, 0x74, 0x69, 0x6f, 0x6e
.byte 0x20, 0x66, 0x6f, 0x72, 0x6d, 0x61, 0x74, 0x46, 0x69, 0x6c, 0x65, 0x53, 0x69, 0x7a, 0x65, 0x28
.byte 0x62, 0x79, 0x74, 0x65, 0x73, 0x29, 0x20, 0x7b, 0x0d, 0x0a, 0x20, 0x20, 0x20, 0x20, 0x69, 0x66
.byte 0x20, 0x28, 0x62, 0x79, 0x74, 0x65, 0x73, 0x20, 0x3d, 0x3d, 0x3d, 0x20, 0x30, 0x29, 0x20, 0x72
.byte 0x65, 0x74, 0x75, 0x72, 0x6e, 0x20, 0x27, 0x30, 0x20, 0x42, 0x79, 0x74, 0x65, 0x73, 0x27, 0x3b
.byte 0x0d, 0x0a, 0x20, 0x20, 0x20, 0x20, 0x63, 0x6f, 0x6e, 0x73, 0x74, 0x20, 0x6b, 0x20, 0x3d, 0x20
.byte 0x31, 0x30, 0x32, 0x34, 0x3b, 0x0d, 0x0a, 0x20, 0x20, 0x20, 0x20, 0x63, 0x6f, 0x6e, 0x73, 0x74
.byte 0x20, 0x73, 0x69, 0x7a, 0x65, 0x73, 0x20, 0x3d, 0x20, 0x5b, 0x27, 0x42, 0x79, 0x74, 0x65, 0x73
.byte 0x27, 0x2c, 0x20, 0x27, 0x4b, 0x42, 0x27, 0x2c, 0x20, 0x27, 0x4d, 0x42, 0x27, 0x5d, 0x3b, 0x0d
.byte 0x0a, 0x20, 0x20, 0x20, 0x20, 0x63, 0x6f, 0x6e, 0x73, 0x74, 0x20, 0x69, 0x20, 0x3d, 0x20, 0x4d
.byte 0x61, 0x74, 0x68, 0x2e, 0x66, 0x6c, 0x6f, 0x6f, 0x72, 0x28, 0x4d, 0x61, 0x74, 0x68, 0x2e, 0x6c
.byte 0x6f, 0x67, 0x28, 0x62, 0x79, 0x74, 0x65, 0x73, 0x29, 0x20, 0x2f, 0x20, 0x4d, 0x61, 0x74, 0x68
.byte 0x2e, 0x6c, 0x6f, 0x67, 0x28, 0x6b, 0x29, 0x29, 0x3b, 0x0d, 0x0a, 0x20, 0x20, 0x20, 0x20, 0x72
.byte 0x65, 0x74, 0x75, 0x72, 0x6e, 0x20, 0x4d, 0x61, 0x74, 0x68, 0x2e, 0x72, 0x6f, 0x75, 0x6e, 0x64
.byte 0x28, 0x28, 0x62, 0x79, 0x74, 0x65, 0x73, 0x20, 0x2f, 0x20, 0x4d, 0x61, 0x74, 0x68, 0x2e, 0x70
.byte 0x6f, 0x77, 0x28, 0x6b, 0x2c, 0x20, 0x69, 0x29, 0x29, 0x20, 0x2a, 0x20, 0x31, 0x30, 0x30, 0x29
.byte 0x20, 0x2f, 0x20, 0x31, 0x30, 0x30, 0x20, 0x2b, 0x20, 0x27, 0x20, 0x27, 0x20, 0x2b, 0x20, 0x73
.byte 0x69, 0x7a, 0x65, 0x73, 0x5b, 0x69, 0x5d, 0x3b, 0x0d, 0x0a, 0x7d, 0x0d, 0x0a, 0x0d, 0x0a, 0x61
.byte 0x73, 0x79, 0x6e, 0x63, 0x20, 0x66, 0x75, 0x6e, 0x63, 0x74, 0x69, 0x6f, 0x6e, 0x20, 0x73, 0x65
.byte 0x6e, 0x64, 0x46, 0x69, 0x72, 0x6d, 0x77, 0x61, 0x72, 0x65, 0x28, 0x29, 0x20, 0x7b, 0x0d, 0x0a
.byte 0x20, 0x20, 0x20, 0x20, 0x63, 0x6f, 0x6e, 0x73, 0x74, 0x20, 0x66, 0x69, 0x6c, 0x65, 0x49, 0x6e
.byte 0x70, 0x75, 0x74, 0x20, 0x3d, 0x20, 0x64, 0x6f, 0x63, 0x75, 0x6d, 0x65, 0x6e, 0x74, 0x2e, 0x67
.byte 0x65, 0x74, 0x45, 0x6c, 0x65, 0x6d, 0x65, 0x6e, 0x74, 0x42, 0x79, 0x49, 0x64, 0x28, 0x27, 0x66
.byte 0x69, 0x72, 0x6d, 0x77, 0x61, 0x72, 0x65, 0x46, 0x69, 0x6c, 0x65, 0x27, 0x29, 0x3b, 0x0d, 0x0a
.byte 0x20, 0x20, 0x20, 0x20, 0x63, 0x6f, 0x6e, 0x73, 0x74, 0x20, 0x66, 0x69, 0x6c, 0x65, 0x20, 0x3d
.byte 0x20, 0x66, 0x69, 0x6c, 0x65, 0x49, 0x6e, 0x70, 0x75, 0x74, 0x2e, 0x66, 0x69, 0x6c, 0x65, 0x73
.byte 0x5b, 0x30, 0x5d, 0x3b, 0x0d, 0x0a, 0x0d, 0x0a, 0x20, 0x20, 0x20, 0x20, 0x69, 0x66, 0x20, 0x28
.byte 0x21, 0x66, 0x69, 0x6c, 0x65, 0x29, 0x20, 0x7b, 0x0d, 0x0a, 0x20, 0x20, 0x20, 0x20, 0x20, 0x20
.byte 0x20, 0x20, 0x73, 0x68, 0x6f, 0x77, 0x46, 0x65, 0x65, 0x64, 0x62, 0x61, 0x63, 0x6b, 0x28, 0x27
.byte 0x66, 0x65, 0x65, 0x64, 0x62, 0x61, 0x63, 0x6b, 0x4f, 0x54, 0x41, 0x27, 0x2c, 0x20, 0x27, 0x53
.byte 0x65, 0x6c, 0x65, 0x63, 0x63, 0x69, 0x6f, 0x6e, 0x61, 0x20, 0x75, 0x6e, 0x20, 0x61, 0x72, 0x63
.byte 0x68, 0x69, 0x76, 0x6f, 0x20, 0x70, 0x72, 0x69, 0x6d, 0x65, 0x72, 0x6f, 0x27, 0x2c, 0x20, 0x27
.byte 0x65, 0x72, 0x72, 0x6f, 0x72, 0x27, 0x29, 0x3b, 0x0d, 0x0a, 0x20, 0x20, 0x20, 0x20, 0x20, 0x20
.byte 0x20, 0x20, 0x72, 0x65, 0x74, 0x75, 0x72, 0x6e, 0x3b, 0x0d, 0x0a, 0x20, 0x20, 0x20, 0x20, 0x7d
.byte 0x0d, 0x0a, 0x0d, 0x0a, 0x20, 0x20, 0x20, 0x20, 0x63, 0x6f, 0x6e, 0x73, 0x74, 0x20, 0x66, 0x6f
.byte 0x72, 0x6d, 0x44, 0x61, 0x74, 0x61, 0x20, 0x3d, 0x20, 0x6e, 0x65, 0x77, 0x20, 0x46, 0x6f, 0x72
.byte 0x6d, 0x44, 0x61, 0x74, 0x61, 0x28, 0x29, 0x3b, 0x0d, 0x0a, 0x20, 0x20, 0x20, 0x20, 0x66, 0x6f
.byte 0x72, 0x6d, 0x44, 0x61, 0x74, 0x61, 0x2e, 0x61, 0x70, 0x70, 0x65, 0x6e, 0x64, 0x28, 0x27, 0x66
.byte 0x69, 0x6c, 0x65, 0x27, 0x2c, 0x20, 0x66, 0x69, 0x6c, 0x65, 0x29, 0x3b, 0x0d, 0x0a, 0x0d, 0x0a
.byte 0x20, 0x20, 0x20, 0x20, 0x63, 0x6f, 0x6e, 0x73, 0x74, 0x20, 0x6f, 0x74, 0x61, 0x50, 0x72, 0x6f
.byte 0x67, 0x72, 0x65, 0x73, 0x73, 0x20, 0x3d, 0x20, 0x64, 0x6f, 0x63, 0x75, 0x6d, 0x65, 0x6e, 0x74
.byte 0x2e, 0x67, 0x65, 0x74, 0x45, 0x6c, 0x65, 0x6d, 0x65, 0x6e, 0x74, 0x42, 0x79, 0x49, 0x64, 0x28
.byte 0x27, 0x6f, 0x74, 0x61, 0x50, 0x72, 0x6f, 0x67, 0x72, 0x65, 0x73, 0x73, 0x27, 0x29, 0x3b, 0x0d
.byte 0x0a, 0x20, 0x20, 0x20, 0x20, 0x63, 0x6f, 0x6e, 0x73, 0x74, 0x20, 0x70, 0x72, 0x6f, 0x67, 0x72
.byte 0x65, 0x73, 0x73, 0x46, 0x69, 0x6c, 0x6c, 0x20, 0x3d, 0x20, 0x64, 0x6f, 0x63, 0x75, 0x6d, 0x65
.byte 0x6e, 0x74, 0x2e, 0x67, 0x65, 0x74, 0x45, 0x6c, 0x65, 0x6d, 0x65, 0x6e, 0x74, 0x42, 0x79, 0x49
.byte 0x64, 0x28, 0x27, 0x70, 0x72, 0x6f, 0x67, 0x72, 0x65, 0x73, 0x73, 0x46, 0x69, 0x6c, 0x6c, 0x27
.byte 0x29, 0x3b, 0x0d, 0x0a, 0x20, 0x20, 0x20, 0x20, 0x63, 0x6f, 0x6e, 0x73, 0x74, 0x20, 0x70, 0x72
.byte 0x6f, 0x67, 0x72, 0x65, 0x73, 0x73, 0x50, 0x65, 0x72, 0x63, 0x65, 0x6e, 0x74, 0x20, 0x3d, 0x20
.byte 0x64, 0x6f, 0x63, 0x75, 0x6d, 0x65, 0x6e, 0x74, 0x2e, 0x67, 0x65, 0x74, 0x45, 0x6c, 0x65, 0x6d
.byte 0x65, 0x6e, 0x74, 0x42, 0x79, 0x49, 0x64, 0x28, 0x27, 0x70, 0x72, 0x6f, 0x67, 0x72, 0x65, 0x73
.byte 0x73, 0x50, 0x65, 0x72, 0x63, 0x65, 0x6e, 0x74, 0x27, 0x29, 0x3b, 0x0d, 0x0a, 0x20, 0x20, 0x20
.byte 0x20, 0x63, 0x6f, 0x6e, 0x73, 0x74, 0x20, 0x70, 0x72, 0x6f, 0x67, 0x72, 0x65, 0x73, 0x73, 0x53
.byte 0x69, 0x7a, 0x65, 0x20, 0x3d, 0x20, 0x64, 0x6f, 0x63, 0x75, 0x6d, 0x65, 0x6e, 0x74, 0x2e, 0x67
.byte 0x65, 0x74, 0x45, 0x6c, 0x65, 0x6d, 0x65, 0x6e, 0x74, 0x42, 0x79, 0x49, 0x64, 0x28, 0x27, 0x70
.byte 0x72, 0x6f, 0x67, 0x72, 0x65, 0x73, 0x73, 0x53, 0x69, 0x7a, 0x65, 0x27, 0x29, 0x3b, 0x0d, 0x0a
.byte 0x20, 0x20, 0x20, 0x20, 0x63, 0x6f, 0x6e, 0x73, 0x74, 0x20, 0x62, 0x74, 0x6e, 0x53, 0x65, 0x6e
.byte 0x64, 0x46, 0x69, 0x72, 0x6d, 0x77, 0x61, 0x72, 0x65, 0x20, 0x3d, 0x20, 0x64, 0x6f, 0x63, 0x75
.byte 0x6d, 0x65, 0x6e, 0x74, 0x2e, 0x67, 0x65, 0x74, 0x45, 0x6c, 0x65, 0x6d, 0x65, 0x6e, 0x74, 0x42
.byte 0x79, 0x49, 0x64, 0x28, 0x27, 0x62, 0x74, 0x6e, 0x53, 0x65, 0x6e, 0x64, 0x46, 0x69, 0x72, 0x6d
.byte 0x77, 0x61, 0x72, 0x65, 0x27, 0x29, 0x3b, 0x0d, 0x0a, 0x0d, 0x0a, 0x20, 0x20, 0x20, 0x20, 0x6f
.byte 0x74, 0x61, 0x50, 0x72, 0x6f, 0x67, 0x72, 0x65, 0x73, 0x73, 0x2e, 0x73, 0x74, 0x79, 0x6c, 0x65
.byte 0x2e, 0x64, 0x69, 0x73, 0x70, 0x6c, 0x61, 0x79, 0x20, 0x3d, 0x20, 0x27, 0x62, 0x6c, 0x6f, 0x63
.byte 0x6b, 0x27, 0x3b, 0x0d, 0x0a, 0x20, 0x20, 0x20, 0x20, 0x62, 0x74, 0x6e, 0x53, 0x65, 0x6e, 0x64
.byte 0x46, 0x69, 0x72, 0x6d, 0x77, 0x61, 0x72, 0x65, 0x2e, 0x64, 0x69, 0x73, 0x61, 0x62, 0x6c, 0x65
.byte 0x64, 0x20, 0x3d, 0x20, 0x74, 0x72, 0x75, 0x65, 0x3b, 0x0d, 0x0a, 0x0d, 0x0a, 0x20, 0x20, 0x20
.byte 0x20, 0x74, 0x72, 0x79, 0x20, 0x7b, 0x0d, 0x0a, 0x20, 0x20, 0x20, 0x20, 0x20, 0x20, 0x20, 0x20
.byte 0x63, 0x6f, 0x6e, 0x73, 0x74, 0x20, 0x78, 0x68, 0x72, 0x20, 0x3d, 0x20, 0x6e, 0x65, 0x77, 0x20
.byte 0x58, 0x4d, 0x4c, 0x48, 0x74, 0x74, 0x70, 0x52, 0x65, 0x71, 0x75, 0x65, 0x73, 0x74, 0x28, 0x29
.byte 0x3b, 0x0d, 0x0a, 0x0d, 0x0a, 0x20, 0x20, 0x20, 0x20, 0x20, 0x20, 0x20, 0x20, 0x78, 0x68, 0x72
.byte 0x2e, 0x75, 0x70, 0x6c, 0x6f, 0x61, 0x64, 0x2e, 0x61, 0x64, 0x64, 0x45, 0x76, 0x65, 0x6e, 0x74
.byte 0x4c, 0x69, 0x73, 0x74, 0x65, 0x6e, 0x65, 0x72, 0x28, 0x27, 0x70, 0x72, 0x6f, 0x67, 0x72, 0x65
.byte 0x73, 0x73, 0x27, 0x2c, 0x20, 0x28, 0x65, 0x29, 0x20, 0x3d, 0x3e, 0x20, 0x7b, 0x0d, 0x0a, 0x20
.byte 0x20, 0x20, 0x20, 0x20, 0x20, 0x20, 0x20, 0x20, 0x20, 0x20, 0x20, 0x69, 0x66, 0x20, 0x28, 0x65
.byte 0x2e, 0x6c, 0x65, 0x6e, 0x67, 0x74, 0x68, 0x43, 0x6f, 0x6d, 0x70, 0x75, 0x74, 0x61, 0x62, 0x6c
.byte 0x65, 0x29, 0x20, 0x7b, 0x0d, 0x0a, 0x20, 0x20, 0x20, 0x20, 0x20, 0x20, 0x20, 0x20, 0x20, 0x20
.byte 0x20, 0x20, 0x20, 0x20, 0x20, 0x20, 0x63, 0x6f, 0x6e, 0x73, 0x74, 0x20, 0x70, 0x65, 0x72, 0x63
.byte 0x65, 0x6e, 0x74, 0x43, 0x6f, 0x6d, 0x70, 0x6c, 0x65, 0x74, 0x65, 0x20, 0x3d, 0x20, 0x4d, 0x61
.byte 0x74, 0x68, 0x2e, 0x72, 0x6f, 0x75, 0x6e, 0x64, 0x28, 0x28, 0x65, 0x2e, 0x6c, 0x6f, 0x61, 0x64
.byte 0x65, 0x64, 0x20, 0x2f, 0x20, 0x65, 0x2e, 0x74, 0x6f, 0x74, 0x61, 0x6c, 0x29, 0x20, 0x2a, 0x20
.byte 0x31, 0x30, 0x30, 0x29, 0x3b, 0x0d, 0x0a, 0x20, 0x20, 0x20, 0x20, 0x20, 0x20, 0x20, 0x20, 0x20
.byte 0x20, 0x20, 0x20, 0x20, 0x20, 0x20, 0x20, 0x70, 0x72, 0x6f, 0x67, 0x72, 0x65, 0x73, 0x73, 0x46
.byte 0x69, 0x6c, 0x6c, 0x2e, 0x73, 0x74, 0x79, 0x6c, 0x65, 0x2e, 0x77, 0x69, 0x64, 0x74, 0x68, 0x20
.byte 0x3d, 0x20, 0x70, 0x65, 0x72, 0x63, 0x65, 0x6e, 0x74, 0x43, 0x6f, 0x6d, 0x70, 0x6c, 0x65, 0x74
.byte 0x65, 0x20, 0x2b, 0x20, 0x27, 0x25, 0x27, 0x3b, 0x0d, 0x0a, 0x20, 0x20, 0x20, 0x20, 0x20, 0x20
.byte 0x20, 0x20, 0x20, 0x20, 0x20, 0x20, 0x20, 0x20, 0x20, 0x20, 0x70, 0x72, 0x6f, 0x67, 0x72, 0x65
.byte 0x73, 0x73, 0x50, 0x65, 0x72, 0x63, 0x65, 0x6e, 0x74, 0x2e, 0x74, 0x65, 0x78, 0x74, 0x43, 0x6f
.byte 0x6e, 0x74, 0x65, 0x6e, 0x74, 0x20, 0x3d, 0x20, 0x70, 0x65, 0x72, 0x63, 0x65, 0x6e, 0x74, 0x43
.byte 0x6f, 0x6d, 0x70, 0x6c, 0x65, 0x74, 0x65, 0x20, 0x2b, 0x20, 0x27, 0x25, 0x27, 0x3b, 0x0d, 0x0a
.byte 0x20, 0x20, 0x20, 0x20, 0x20, 0x20, 0x20, 0x20, 0x20, 0x20, 0x20, 0x20, 0x20, 0x20, 0x20, 0x20
.byte 0x70, 0x72, 0x6f, 0x67, 0x72, 0x65, 0x73, 0x73, 0x53, 0x69, 0x7a, 0x65, 0x2e, 0x74, 0x65, 0x78
.byte 0x74, 0x43, 0x6f, 0x6e, 0x74, 0x65, 0x6e, 0x74, 0x20, 0x3d, 0x20, 0x60, 0x24, 0x7b, 0x66, 0x6f
.byte 0x72, 0x6d, 0x61, 0x74, 0x46, 0x69, 0x6c, 0x65, 0x53, 0x69, 0x7a, 0x65, 0x28, 0x65, 0x2e, 0x6c
.byte 0x6f, 0x61, 0x64, 0x65, 0x64, 0x29, 0x7d, 0x20, 0x2f, 0x20, 0x24, 0x7b, 0x66, 0x6f, 0x72, 0x6d
.byte 0x61, 0x74, 0x46, 0x69, 0x6c, 0x65, 0x53, 0x69, 0x7a, 0x65, 0x28, 0x65, 0x2e, 0x74, 0x6f, 0x74
.byte 0x61, 0x6c, 0x29, 0x7d, 0x60, 0x3b, 0x0d, 0x0a, 0x20, 0x20, 0x20, 0x20, 0x20, 0x20, 0x20, 0x20
.byte 0x20, 0x20, 0x20, 0x20, 0x7d, 0x0d, 0x0a, 0x20, 0x20, 0x20, 0x20, 0x20, 0x20, 0x20, 0x20, 0x7d
.byte 0x29, 0x3b, 0x0d, 0x0a, 0x0d, 0x0a, 0x20, 0x20, 0x20, 0x20, 0x20, 0x20, 0x20, 0x20, 0x78, 0x68
.byte 0x72, 0x2e, 0x61, 0x64, 0x64, 0x45, 0x76, 0x65, 0x6e, 0x74, 0x4c, 0x69, 0x73, 0x74, 0x65, 0x6e
.byte 0x65, 0x72, 0x28, 0x27, 0x6c, 0x6f, 0x61, 0x64, 0x27, 0x2c, 0x20, 0x28, 0x29, 0x20, 0x3d, 0x3e
.byte 0x20, 0x7b, 0x0d, 0x0a, 0x20, 0x20, 0x20, 0x20, 0x20, 0x20, 0x20, 0x20, 0x20, 0x20, 0x20, 0x20
.byte 0x69, 0x66, 0x20, 0x28, 0x78, 0x68, 0x72, 0x2e, 0x73, 0x74, 0x61, 0x74, 0x75, 0x73, 0x20, 0x3d
.byte 0x3d, 0x3d, 0x20, 0x32, 0x30, 0x30, 0x29, 0x20, 0x7b, 0x0d, 0x0a, 0x20, 0x20, 0x20, 0x20, 0x20
.byte 0x20, 0x20, 0x20, 0x20, 0x20, 0x20, 0x20, 0x20, 0x20, 0x20, 0x20, 0x73, 0x68, 0x6f, 0x77, 0x46
.byte 0x65, 0x65, 0x64, 0x62, 0x61, 0x63, 0x6b, 0x28, 0x27, 0x66, 0x65, 0x65, 0x64, 0x62, 0x61, 0x63
.byte 0x6b, 0x4f, 0x54, 0x41, 0x27, 0x2c, 0x20, 0x27, 0xe2, 0x9c, 0x93, 0x20, 0x46, 0x69, 0x72, 0x6d
.byte 0x77, 0x61, 0x72, 0x65, 0x20, 0x65, 0x6e, 0x76, 0x69, 0x61, 0x64, 0x6f, 0x20, 0x63, 0x6f, 0x72
.byte 0x72, 0x65, 0x63, 0x74, 0x61, 0x6d, 0x65, 0x6e, 0x74, 0x65, 0x2e, 0x20, 0x45, 0x6c, 0x20, 0x64
.byte 0x69, 0x73, 0x70, 0x6f, 0x73, 0x69, 0x74, 0x69, 0x76, 0x6f, 0x20, 0x73, 0x65, 0x20, 0x72, 0x65
.byte 0x69, 0x6e, 0x69, 0x63, 0x69, 0x61, 0x72, 0xc3, 0xa1, 0x2e, 0x2e, 0x2e, 0x27, 0x2c, 0x20, 0x27
.byte 0x73, 0x75, 0x63, 0x63, 0x65, 0x73, 0x73, 0x27, 0x29, 0x3b, 0x0d, 0x0a, 0x20, 0x20, 0x20, 0x20
.byte 0x20, 0x20, 0x20, 0x20, 0x20, 0x20, 0x20, 0x20, 0x20, 0x20, 0x20, 0x20, 0x66, 0x69, 0x6c, 0x65
.byte 0x49, 0x6e, 0x70, 0x75, 0x74, 0x2e, 0x76, 0x61, 0x6c, 0x75, 0x65, 0x20, 0x3d, 0x20, 0x27, 0x27
.byte 0x3b, 0x0d, 0x0a, 0x20, 0x20, 0x20, 0x20, 0x20, 0x20, 0x20, 0x20, 0x20, 0x20, 0x20, 0x20, 0x20
.byte 0x20, 0x20, 0x20, 0x64, 0x6f, 0x63, 0x75, 0x6d, 0x65, 0x6e, 0x74, 0x2e, 0x67, 0x65, 0x74, 0x45
.byte 0x6c, 0x65, 0x6d, 0x65, 0x6e, 0x74, 0x42, 0x79, 0x49, 0x64, 0x28, 0x27, 0x66, 0x69, 0x6c, 0x65
.byte 0x54, 0x65, 0x78, 0x74, 0x27, 0x29, 0x2e, 0x74, 0x65, 0x78, 0x74, 0x43, 0x6f, 0x6e, 0x74, 0x65
.byte 0x6e, 0x74, 0x20, 0x3d, 0x20, 0x27, 0x53, 0x65, 0x6c, 0x65, 0x63, 0x63, 0x69, 0x6f, 0x6e, 0x61
.byte 0x72, 0x20, 0x61, 0x72, 0x63, 0x68, 0x69, 0x76, 0x6f, 0x20, 0x28, 0x2e, 0x62, 0x69, 0x6e, 0x29
.byte 0x27, 0x3b, 0x0d, 0x0a, 0x20, 0x20, 0x20, 0x20, 0x20, 0x20, 0x20, 0x20, 0x20, 0x20, 0x20, 0x20
.byte 0x20, 0x20, 0x20, 0x20, 0x73, 0x65, 0x74, 0x54, 0x69, 0x6d, 0x65, 0x6f, 0x75, 0x74, 0x28, 0x28
.byte 0x29, 0x20, 0x3d, 0x3e, 0x20, 0x7b, 0x0d, 0x0a, 0x20, 0x20, 0x20, 0x20, 0x20, 0x20, 0x20, 0x20
.byte 0x20, 0x20, 0x20, 0x20, 0x20, 0x20, 0x20, 0x20, 0x20, 0x20, 0x20, 0x20, 0x6f, 0x74, 0x61, 0x50
.byte 0x72, 0x6f, 0x67, 0x72, 0x65, 0x73, 0x73, 0x2e, 0x73, 0x74, 0x79, 0x6c, 0x65, 0x2e, 0x64, 0x69
.byte 0x73, 0x70, 0x6c, 0x61, 0x79, 0x20, 0x3d, 0x20, 0x27, 0x6e, 0x6f, 0x6e, 0x65, 0x27, 0x3b, 0x0d
.byte 0x0a, 0x20, 0x20, 0x20, 0x20, 0x20, 0x20, 0x20, 0x20, 0x20, 0x20, 0x20, 0x20, 0x20, 0x20, 0x20
.byte 0x20, 0x20, 0x20, 0x20, 0x20, 0x70, 0x72, 0x6f, 0x67, 0x72, 0x65, 0x73, 0x73, 0x46, 0x69, 0x6c
.byte 0x6c, 0x2e, 0x73, 0x74, 0x79, 0x6c, 0x65, 0x2e, 0x77, 0x69, 0x64, 0x74, 0x68, 0x20, 0x3d, 0x20
.byte 0x27, 0x30, 0x25, 0x27, 0x3b, 0x0d, 0x0a, 0x20, 0x20, 0x20, 0x20, 0x20, 0x20, 0x20, 0x20, 0x20
.byte 0x20, 0x20, 0x20, 0x20, 0x20, 0x20, 0x20, 0x20, 0x20, 0x20, 0x20, 0x70, 0x72, 0x6f, 0x67, 0x72
.byte 0x65, 0x73, 0x73, 0x50, 0x65, 0x72, 0x63, 0x65, 0x6e, 0x74, 0x2e, 0x74, 0x65, 0x78, 0x74, 0x43
.byte 0x6f, 0x6e, 0x74, 0x65, 0x6e, 0x74, 0x20, 0x3d, 0x20, 0x27, 0x30, 0x25, 0x27, 0x3b, 0x0d, 0x0a
.byte 0x20, 0x20, 0x20, 0x20, 0x20, 0x20, 0x20, 0x20, 0x20, 0x20, 0x20, 0x20, 0x20, 0x20, 0x20, 0x20
.byte 0x20, 0x20, 0x20, 0x20, 0x70, 0x72, 0x6f, 0x67, 0x72, 0x65, 0x73, 0x73, 0x53, 0x69, 0x7a, 0x65
.byte 0x2e, 0x74, 0x65, 0x78, 0x74, 0x43, 0x6f, 0x6e, 0x74, 0x65, 0x6e, 0x74, 0x20, 0x3d, 0x20, 0x27
.byte 0x27, 0x3b, 0x0d, 0x0a, 0x20, 0x20, 0x20, 0x20, 0x20, 0x20, 0x20, 0x20, 0x20, 0x20, 0x20, 0x20
.byte 0x20, 0x20, 0x20, 0x20, 0x7d, 0x2c, 0x20, 0x35, 0x30, 0x30, 0x30, 0x29, 0x3b, 0x0d, 0x0a, 0x20
.byte 0x20, 0x20, 0x20, 0x20, 0x20, 0x20, 0x20, 0x20, 0x20, 0x20, 0x20, 0x7d, 0x20, 0x65, 0x6c, 0x73
.byte 0x65, 0x20, 0x7b, 0x0d, 0x0a, 0x20, 0x20, 0x20, 0x20, 0x20, 0x20, 0x20, 0x20, 0x20, 0x20, 0x20
.byte 0x20, 0x20, 0x20, 0x20, 0x20, 0x73, 0x68, 0x6f, 0x77, 0x46, 0x65, 0x65, 0x64, 0x62, 0x61, 0x63
.byte 0x6b, 0x28, 0x27, 0x66, 0x65, 0x65, 0x64, 0x62, 0x61, 0x63, 0x6b, 0x4f, 0x54, 0x41, 0x27, 0x2c
.byte 0x20, 0x60, 0xe2, 0x9d, 0x8c, 0x20, 0x45, 0x72, 0x72, 0x6f, 0x72, 0x20, 0x24, 0x7b, 0x78, 0x68
.byte 0x72, 0x2e, 0x73, 0x74, 0x61, 0x74, 0x75, 0x73, 0x7d, 0x60, 0x2c, 0x20, 0x27, 0x65, 0x72, 0x72
.byte 0x6f, 0x72, 0x27, 0x29, 0x3b, 0x0d, 0x0a, 0x20, 0x20, 0x20, 0x20, 0x20, 0x20, 0x20, 0x20, 0x20
.byte 0x20, 0x20, 0x20, 0x20, 0x20, 0x20, 0x20, 0x62, 0x74, 0x6e, 0x53, 0x65, 0x6e, 0x64, 0x46, 0x69
.byte 0x72, 0x6d, 0x77, 0x61, 0x72, 0x65, 0x2e, 0x64, 0x69, 0x73, 0x61, 0x62, 0x6c, 0x65, 0x64, 0x20
.byte 0x3d, 0x20, 0x66, 0x61, 0x6c, 0x73, 0x65, 0x3b, 0x0d, 0x0a, 0x20, 0x20, 0x20, 0x20, 0x20, 0x20
.byte 0x20, 0x20, 0x20, 0x20, 0x20, 0x20, 0x7d, 0x0d, 0x0a, 0x20, 0x20, 0x20, 0x20, 0x20, 0x20, 0x20
.byte 0x20, 0x7d, 0x29, 0x3b, 0x0d, 0x0a, 0x0d, 0x0a, 0x20, 0x20, 0x20, 0x20, 0x20, 0x20, 0x20, 0x20
.byte 0x78, 0x68, 0x72, 0x2e, 0x61, 0x64, 0x64, 0x45, 0x76, 0x65, 0x6e, 0x74, 0x4c, 0x69, 0x73, 0x74
.byte 0x65, 0x6e, 0x65, 0x72, 0x28, 0x27, 0x65, 0x72, 0x72, 0x6f, 0x72, 0x27, 0x2c, 0x20, 0x28, 0x29
.byte 0x20, 0x3d, 0x3e, 0x20, 0x7b, 0x0d, 0x0a, 0x20, 0x20, 0x20, 0x20, 0x20, 0x20, 0x20, 0x20, 0x20
.byte 0x20, 0x20, 0x20, 0x73, 0x68, 0x6f, 0x77, 0x46, 0x65, 0x65, 0x64, 0x62, 0x61, 0x63, 0x6b, 0x28
.byte 0x27, 0x66, 0x65, 0x65, 0x64, 0x62, 0x61, 0x63, 0x6b, 0x4f, 0x54, 0x41, 0x27, 0x2c, 0x20, 0x27
.byte 0xe2, 0x9d, 0x8c, 0x20, 0x45, 0x72, 0x72, 0x6f, 0x72, 0x20, 0x61, 0x6c, 0x20, 0x65, 0x6e, 0x76
.byte 0x69, 0x61, 0x72, 0x20, 0x65, 0x6c, 0x20, 0x66, 0x69, 0x72, 0x6d, 0x77, 0x61, 0x72, 0x65, 0x27
.byte 0x2c, 0x20, 0x27, 0x65, 0x72, 0x72, 0x6f, 0x72, 0x27, 0x29, 0x3b, 0x0d, 0x0a, 0x20, 0x20, 0x20
.byte 0x20, 0x20, 0x20, 0x20, 0x20, 0x20, 0x20, 0x20, 0x20, 0x6f, 0x74, 0x61, 0x50, 0x72, 0x6f, 0x67
.byte 0x72, 0x65, 0x73, 0x73, 0x2e, 0x73, 0x74, 0x79, 0x6c, 0x65, 0x2e, 0x64, 0x69, 0x73, 0x70, 0x6c
.byte 0x61, 0x79, 0x20, 0x3d, 0x20, 0x27, 0x6e, 0x6f, 0x6e, 0x65, 0x27, 0x3b, 0x0d, 0x0a, 0x20, 0x20
.byte 0x20, 0x20, 0x20, 0x20, 0x20, 0x20, 0x20, 0x20, 0x20, 0x20, 0x62, 0x74, 0x6e, 0x53, 0x65, 0x6e
.byte 0x64, 0x46, 0x69, 0x72, 0x6d, 0x77, 0x61, 0x72, 0x65, 0x2e, 0x64, 0x69, 0x73, 0x61, 0x62, 0x6c
.byte 0x65, 0x64, 0x20, 0x3d, 0x20, 0x66, 0x61, 0x6c, 0x73, 0x65, 0x3b, 0x0d, 0x0a, 0x20, 0x20, 0x20
.byte 0x20, 0x20, 0x20, 0x20, 0x20, 0x7d, 0x29, 0x3b, 0x0d, 0x0a, 0x0d, 0x0a, 0x20, 0x20, 0x20, 0x20
.byte 0x20, 0x20, 0x20, 0x20, 0x78, 0x68, 0x72, 0x2e, 0x61, 0x64, 0x64, 0x45, 0x76, 0x65, 0x6e, 0x74
.byte 0x4c, 0x69, 0x73, 0x74, 0x65, 0x6e, 0x65, 0x72, 0x28, 0x27, 0x61, 0x62, 0x6f, 0x72, 0x74, 0x27
.byte 0x2c, 0x20, 0x28, 0x29, 0x20, 0x3d, 0x3e, 0x20, 0x7b, 0x0d, 0x0a, 0x20, 0x20, 0x20, 0x20, 0x20
.byte 0x20, 0x20, 0x20, 0x20, 0x20, 0x20, 0x20, 0x73, 0x68, 0x6f, 0x77, 0x46, 0x65, 0x65, 0x64, 0x62
.byte 0x61, 0x63, 0x6b, 0x28, 0x27, 0x66, 0x65, 0x65, 0x64, 0x62, 0x61, 0x63, 0x6b, 0x4f, 0x54, 0x41
.byte 0x27, 0x2c, 0x20, 0x27, 0xe2, 0x9a, 0xa0, 0xef, 0xb8, 0x8f, 0x20, 0x54, 0x72, 0x61, 0x6e, 0x73
.byte 0x66, 0x65, 0x72, 0x65, 0x6e, 0x63, 0x69, 0x61, 0x20, 0x63, 0x61, 0x6e, 0x63, 0x65, 0x6c, 0x61
.byte 0x64, 0x61, 0x27, 0x2c, 0x20, 0x27, 0x65, 0x72, 0x72, 0x6f, 0x72, 0x27, 0x29, 0x3b, 0x0d, 0x0a
.byte 0x20, 0x20, 0x20, 0x20, 0x20, 0x20, 0x20, 0x20, 0x20, 0x20, 0x20, 0x20, 0x6f, 0x74, 0x61, 0x50
.byte 0x72, 0x6f, 0x67, 0x72, 0x65, 0x73, 0x73, 0x2e, 0x73, 0x74, 0x79, 0x6c, 0x65, 0x2e, 0x64, 0x69
.byte 0x73, 0x70, 0x6c, 0x61, 0x79, 0x20, 0x3d, 0x20, 0x27, 0x6e, 0x6f, 0x6e, 0x65, 0x27, 0x3b, 0x0d
.byte 0x0a, 0x20, 0x20, 0x20, 0x20, 0x20, 0x20, 0x20, 0x20, 0x20, 0x20, 0x20, 0x20, 0x62, 0x74, 0x6e
.byte 0x53, 0x65, 0x6e, 0x64, 0x46, 0x69, 0x72, 0x6d, 0x77, 0x61, 0x72, 0x65, 0x2e, 0x64, 0x69, 0x73
.byte 0x61, 0x62, 0x6c, 0x65, 0x64, 0x20, 0x3d, 0x20, 0x66, 0x61, 0x6c, 0x73, 0x65, 0x3b, 0x0d, 0x0a
.byte 0x20, 0x20, 0x20, 0x20, 0x20, 0x20, 0x20, 0x20, 0x7d, 0x29, 0x3b, 0x0d, 0x0a, 0x0d, 0x0a, 0x20
.byte 0x20, 0x20, 0x20, 0x20, 0x20, 0x20, 0x20, 0x78, 0x68, 0x72, 0x2e, 0x6f, 0x70, 0x65, 0x6e, 0x28
.byte 0x27, 0x50, 0x4f, 0x53, 0x54, 0x27, 0x2c, 0x20, 0x43, 0x4f, 0x4e, 0x46, 0x49, 0x47, 0x2e, 0x41
.byte 0x50, 0x49, 0x5f, 0x45, 0x4e, 0x44, 0x50, 0x4f, 0x49, 0x4e, 0x54, 0x53, 0x2e, 0x4f, 0x54, 0x41
.byte 0x5f, 0x55, 0x50, 0x44, 0x41, 0x54, 0x45, 0x29, 0x3b, 0x0d, 0x0a, 0x20, 0x20, 0x20, 0x20, 0x20
.byte 0x20, 0x20, 0x20, 0x78, 0x68, 0x72, 0x2e, 0x73, 0x65, 0x6e, 0x64, 0x28, 0x66, 0x6f, 0x72, 0x6d
.byte 0x44, 0x61, 0x74, 0x61, 0x29, 0x3b, 0x0d, 0x0a, 0x20, 0x20, 0x20, 0x20, 0x7d, 0x20, 0x63, 0x61
.byte 0x74, 0x63, 0x68, 0x20, 0x28, 0x65, 0x72, 0x72, 0x6f, 0x72, 0x29, 0x20, 0x7b, 0x0d, 0x0a, 0x20
.byte 0x20, 0x20, 0x20, 0x20, 0x20, 0x20, 0x20, 0x63, 0x6f, 0x6e, 0x73, 0x6f, 0x6c, 0x65, 0x2e, 0x65
.byte 0x72, 0x72, 0x6f, 0x72, 0x28, 0x27, 0x45, 0x72, 0x72, 0x6f, 0x72, 0x3a, 0x27, 0x2c, 0x20, 0x65
.byte 0x72, 0x72, 0x6f, 0x72, 0x29, 0x3b, 0x0d, 0x0a, 0x20, 0x20, 0x20, 0x20, 0x20, 0x20, 0x20, 0x20
.byte 0x73, 0x68, 0x6f, 0x77, 0x46, 0x65, 0x65, 0x64, 0x62, 0x61, 0x63, 0x6b, 0x28, 0x27, 0x66, 0x65
.byte 0x65, 0x64, 0x62, 0x61, 0x63, 0x6b, 0x4f, 0x54, 0x41, 0x27, 0x2c, 0x20, 0x27, 0xe2, 0x9d, 0x8c
.byte 0x20, 0x45, 0x72, 0x72, 0x6f, 0x72, 0x3a, 0x20, 0x27, 0x20, 0x2b, 0x20, 0x65, 0x72, 0x72, 0x6f
.byte 0x72, 0x2e, 0x6d, 0x65, 0x73, 0x73, 0x61, 0x67, 0x65, 0x2c, 0x20, 0x27, 0x65, 0x72, 0x72, 0x6f
.byte 0x72, 0x27, 0x29, 0x3b, 0x0d, 0x0a, 0x20, 0x20, 0x20, 0x20, 0x20, 0x20, 0x20, 0x20, 0x6f, 0x74
.byte 0x61, 0x50, 0x72, 0x6f, 0x67, 0x72, 0x65, 0x73, 0x73, 0x2e, 0x73, 0x74, 0x79, 0x6c, 0x65, 0x2e
.byte 0x64, 0x69, 0x73, 0x70, 0x6c, 0x61, 0x79, 0x20, 0x3d, 0x20, 0x27, 0x6e, 0x6f, 0x6e, 0x65, 0x27
.byte 0x3b, 0x0d, 0x0a, 0x20, 0x20, 0x20, 0x20, 0x20, 0x20, 0x20, 0x20, 0x62, 0x74, 0x6e, 0x53, 0x65
.byte 0x6e, 0x64, 0x46, 0x69, 0x72, 0x6d, 0x77, 0x61, 0x72, 0x65, 0x2e, 0x64, 0x69, 0x73, 0x61, 0x62
.byte 0x6c, 0x65, 0x64, 0x20, 0x3d, 0x20, 0x66, 0x61, 0x6c, 0x73, 0x65, 0x3b, 0x0d, 0x0a, 0x20, 0x20
.byte 0x20, 0x20, 0x7d, 0x0d, 0x0a, 0x7d, 0x0d, 0x0a, 0x0d, 0x0a, 0x2f, 0x2f, 0x20, 0x3d, 0x3d, 0x3d
.byte 0x3d, 0x3d, 0x3d, 0x3d, 0x3d, 0x3d, 0x3d, 0x20, 0x53, 0x59, 0x53, 0x54, 0x45, 0x4d, 0x20, 0x53
.byte 0x54, 0x41, 0x54, 0x45, 0x20, 0x55, 0x50, 0x44, 0x41, 0x54, 0x45, 0x53, 0x20, 0x3d, 0x3d, 0x3d
.byte 0x3d, 0x3d, 0x3d, 0x3d, 0x3d, 0x3d, 0x3d, 0x0d, 0x0a, 0x61, 0x73, 0x79, 0x6e, 0x63, 0x20, 0x66
.byte 0x75, 0x6e, 0x63, 0x74, 0x69, 0x6f, 0x6e, 0x20, 0x75, 0x70, 0x64, 0x61, 0x74, 0x65, 0x53, 0x79
.byte 0x73, 0x74, 0x65, 0x6d, 0x53, 0x74, 0x61, 0x74, 0x65, 0x28, 0x29, 0x20, 0x7b, 0x0d, 0x0a, 0x20
.byte 0x20, 0x20, 0x20, 0x74, 0x72, 0x79, 0x20, 0x7b, 0x0d, 0x0a, 0x20, 0x20, 0x20, 0x20, 0x20, 0x20
.byte 0x20, 0x20, 0x63, 0x6f, 0x6e, 0x73, 0x74, 0x20, 0x72, 0x65, 0x73, 0x70, 0x6f, 0x6e, 0x73, 0x65
.byte 0x20, 0x3d, 0x20, 0x61, 0x77, 0x61, 0x69, 0x74, 0x20, 0x66, 0x65, 0x74, 0x63, 0x68, 0x28, 0x43
.byte 0x4f, 0x4e, 0x46, 0x49, 0x47, 0x2e, 0x41, 0x50, 0x49, 0x5f, 0x45, 0x4e, 0x44, 0x50, 0x4f, 0x49
.byte 0x4e, 0x54, 0x53, 0x2e, 0x53, 0x59, 0x53, 0x54, 0x45, 0x4d, 0x5f, 0x53, 0x54, 0x41, 0x54, 0x45
.byte 0x29, 0x3b, 0x0d, 0x0a, 0x20, 0x20, 0x20, 0x20, 0x20, 0x20, 0x20, 0x20, 0x69, 0x66, 0x20, 0x28
.byte 0x72, 0x65, 0x73, 0x70, 0x6f, 0x6e, 0x73, 0x65, 0x2e, 0x6f, 0x6b, 0x29, 0x20, 0x7b, 0x0d, 0x0a
.byte 0x20, 0x20, 0x20, 0x20, 0x20, 0x20, 0x20, 0x20, 0x20, 0x20, 0x20, 0x20, 0x63, 0x6f, 0x6e, 0x73
.byte 0x74, 0x20, 0x64, 0x61, 0x74, 0x61, 0x20, 0x3d, 0x20, 0x61, 0x77, 0x61, 0x69, 0x74, 0x20, 0x72
.byte 0x65, 0x73, 0x70, 0x6f, 0x6e, 0x73, 0x65, 0x2e, 0x6a, 0x73, 0x6f, 0x6e, 0x28, 0x29, 0x3b, 0x0d
.byte 0x0a, 0x20, 0x20, 0x20, 0x20, 0x20, 0x20, 0x20, 0x20, 0x20, 0x20, 0x20, 0x20, 0x75, 0x70, 0x64
.byte 0x61, 0x74, 0x65, 0x55, 0x49, 0x57, 0x69, 0x74, 0x68, 0x53, 0x79, 0x73, 0x74, 0x65, 0x6d, 0x53
.byte 0x74, 0x61, 0x74, 0x65, 0x28, 0x64, 0x61, 0x74, 0x61, 0x29, 0x3b, 0x0d, 0x0a, 0x20, 0x20, 0x20
.byte 0x20, 0x20, 0x20, 0x20, 0x20, 0x20, 0x20, 0x20, 0x20, 0x53, 0x54, 0x41, 0x54, 0x45, 0x2e, 0x69
.byte 0x73, 0x43, 0x6f, 0x6e, 0x6e, 0x65, 0x63, 0x74, 0x65, 0x64, 0x20, 0x3d, 0x20, 0x74, 0x72, 0x75
.byte 0x65, 0x3b, 0x0d, 0x0a, 0x20, 0x20, 0x20, 0x20, 0x20, 0x20, 0x20, 0x20, 0x7d, 0x20, 0x65, 0x6c
.byte 0x73, 0x65, 0x20, 0x7b, 0x0d, 0x0a, 0x20, 0x20, 0x20, 0x20, 0x20, 0x20, 0x20, 0x20, 0x20, 0x20
.byte 0x20, 0x20, 0x53, 0x54, 0x41, 0x54, 0x45, 0x2e, 0x69, 0x73, 0x43, 0x6f, 0x6e, 0x6e, 0x65, 0x63
.byte 0x74, 0x65, 0x64, 0x20, 0x3d, 0x20, 0x66, 0x61, 0x6c, 0x73, 0x65, 0x3b, 0x0d, 0x0a, 0x20, 0x20
.byte 0x20, 0x20, 0x20, 0x20, 0x20, 0x20, 0x7d, 0x0d, 0x0a, 0x20, 0x20, 0x20, 0x20, 0x7d, 0x20, 0x63
.byte 0x61, 0x74, 0x63, 0x68, 0x20, 0x28, 0x65, 0x72, 0x72, 0x6f, 0x72, 0x29, 0x20, 0x7b, 0x0d, 0x0a
.byte 0x20, 0x20, 0x20, 0x20, 0x20, 0x20, 0x20, 0x20, 0x2f, 0x2f, 0x20, 0x45, 0x72, 0x72, 0x6f, 0x72
.byte 0x20, 0x64, 0x65, 0x20, 0x63, 0x6f, 0x6e, 0x65, 0x78, 0x69, 0xc3, 0xb3, 0x6e, 0x0d, 0x0a, 0x20
.byte 0x20, 0x20, 0x20, 0x20, 0x20, 0x20, 0x20, 0x53, 0x54, 0x41, 0x54, 0x45, 0x2e, 0x69, 0x73, 0x43
.byte 0x6f, 0x6e, 0x6e, 0x65, 0x63, 0x74, 0x65, 0x64, 0x20, 0x3d, 0x20, 0x66, 0x61, 0x6c, 0x73, 0x65
.byte 0x3b, 0x0d, 0x0a, 0x20, 0x20, 0x20, 0x20, 0x7d, 0x0d, 0x0a, 0x0d, 0x0a, 0x20, 0x20, 0x20, 0x20
.byte 0x75, 0x70, 0x64, 0x61, 0x74, 0x65, 0x43, 0x6f, 0x6e, 0x6e, 0x65, 0x63, 0x74, 0x69, 0x6f, 0x6e
.byte 0x53, 0x74, 0x61, 0x74, 0x75, 0x73, 0x28, 0x29, 0x3b, 0x0d, 0x0a, 0x7d, 0x0d, 0x0a, 0x0d, 0x0a
.byte 0x66, 0x75, 0x6e, 0x63, 0x74, 0x69, 0x6f, 0x6e, 0x20, 0x75, 0x70, 0x64, 0x61, 0x74, 0x65, 0x55
.byte 0x49, 0x57, 0x69, 0x74, 0x68, 0x53, 0x79, 0x73, 0x74, 0x65, 0x6d, 0x53, 0x74, 0x61, 0x74, 0x65
.byte 0x28, 0x64, 0x61, 0x74, 0x61, 0x29, 0x20, 0x7b, 0x0d, 0x0a, 0x20, 0x20, 0x20, 0x20, 0x69, 0x66
.byte 0x20, 0x28, 0x64, 0x61, 0x74, 0x61, 0x2e, 0x74, 0x65, 0x6d, 0x70, 0x65, 0x72, 0x61, 0x74, 0x75
.byte 0x72, 0x65, 0x20, 0x21, 0x3d, 0x3d, 0x20, 0x75, 0x6e, 0x64, 0x65, 0x66, 0x69, 0x6e, 0x65, 0x64
.byte 0x29, 0x20, 0x7b, 0x0d, 0x0a, 0x20, 0x20, 0x20, 0x20, 0x20, 0x20, 0x20, 0x20, 0x53, 0x54, 0x41
.byte 0x54, 0x45, 0x2e, 0x63, 0x75, 0x72, 0x72, 0x65, 0x6e, 0x74, 0x54, 0x65, 0x6d, 0x70, 0x20, 0x3d
.byte 0x20, 0x64, 0x61, 0x74, 0x61, 0x2e, 0x74, 0x65, 0x6d, 0x70, 0x65, 0x72, 0x61, 0x74, 0x75, 0x72
.byte 0x65, 0x3b, 0x0d, 0x0a, 0x20, 0x20, 0x20, 0x20, 0x20, 0x20, 0x20, 0x20, 0x75, 0x70, 0x64, 0x61
.byte 0x74, 0x65, 0x54, 0x65, 0x6d, 0x70, 0x65, 0x72, 0x61, 0x74, 0x75, 0x72, 0x65, 0x44, 0x69, 0x73
.byte 0x70, 0x6c, 0x61, 0x79, 0x28, 0x29, 0x3b, 0x0d, 0x0a, 0x20, 0x20, 0x20, 0x20, 0x7d, 0x0d, 0x0a
.byte 0x0d, 0x0a, 0x20, 0x20, 0x20, 0x20, 0x69, 0x66, 0x20, 0x28, 0x64, 0x61, 0x74, 0x61, 0x2e, 0x70
.byte 0x69, 0x72, 0x20, 0x21, 0x3d, 0x3d, 0x20, 0x75, 0x6e, 0x64, 0x65, 0x66, 0x69, 0x6e, 0x65, 0x64
.byte 0x29, 0x20, 0x7b, 0x0d, 0x0a, 0x20, 0x20, 0x20, 0x20, 0x20, 0x20, 0x20, 0x20, 0x53, 0x54, 0x41
.byte 0x54, 0x45, 0x2e, 0x70, 0x69, 0x72, 0x44, 0x65, 0x74, 0x65, 0x63, 0x74, 0x65, 0x64, 0x20, 0x3d
.byte 0x20, 0x28, 0x64, 0x61, 0x74, 0x61, 0x2e, 0x70, 0x69, 0x72, 0x20, 0x3d, 0x3d, 0x3d, 0x20, 0x31
.byte 0x29, 0x3b, 0x20, 0x2f, 0x2f, 0x20, 0x45, 0x6e, 0x73, 0x75, 0x72, 0x65, 0x20, 0x62, 0x6f, 0x6f
.byte 0x6c, 0x65, 0x61, 0x6e, 0x0d, 0x0a, 0x20, 0x20, 0x20, 0x20, 0x20, 0x20, 0x20, 0x20, 0x75, 0x70
.byte 0x64, 0x61, 0x74, 0x65, 0x50, 0x49, 0x52, 0x44, 0x69, 0x73, 0x70, 0x6c, 0x61, 0x79, 0x28, 0x29
.byte 0x3b, 0x0d, 0x0a, 0x20, 0x20, 0x20, 0x20, 0x7d, 0x0d, 0x0a, 0x0d, 0x0a, 0x20, 0x20, 0x20, 0x20
.byte 0x69, 0x66, 0x20, 0x28, 0x64, 0x61, 0x74, 0x61, 0x2e, 0x6d, 0x6f, 0x64, 0x65, 0x20, 0x21, 0x3d
.byte 0x3d, 0x20, 0x75, 0x6e, 0x64, 0x65, 0x66, 0x69, 0x6e, 0x65, 0x64, 0x29, 0x20, 0x7b, 0x0d, 0x0a
.byte 0x20, 0x20, 0x20, 0x20, 0x20, 0x20, 0x20, 0x20, 0x53, 0x54, 0x41, 0x54, 0x45, 0x2e, 0x63, 0x75
.byte 0x72, 0x72, 0x65, 0x6e, 0x74, 0x4d, 0x6f, 0x64, 0x65, 0x20, 0x3d, 0x20, 0x64, 0x61, 0x74, 0x61
.byte 0x2e, 0x6d, 0x6f, 0x64, 0x65, 0x3b, 0x0d, 0x0a, 0x20, 0x20, 0x20, 0x20, 0x20, 0x20, 0x20, 0x20
.byte 0x75, 0x70, 0x64, 0x61, 0x74, 0x65, 0x4d, 0x6f, 0x64, 0x65, 0x44, 0x69, 0x73, 0x70, 0x6c, 0x61
.byte 0x79, 0x28, 0x29, 0x3b, 0x0d, 0x0a, 0x20, 0x20, 0x20, 0x20, 0x7d, 0x0d, 0x0a, 0x0d, 0x0a, 0x20
.byte 0x20, 0x20, 0x20, 0x69, 0x66, 0x20, 0x28, 0x64, 0x61, 0x74, 0x61, 0x2e, 0x70, 0x77, 0x6d, 0x20
.byte 0x21, 0x3d, 0x3d, 0x20, 0x75, 0x6e, 0x64, 0x65, 0x66, 0x69, 0x6e, 0x65, 0x64, 0x29, 0x20, 0x7b
.byte 0x0d, 0x0a, 0x20, 0x20, 0x20, 0x20, 0x20, 0x20, 0x20, 0x20, 0x53, 0x54, 0x41, 0x54, 0x45, 0x2e
.byte 0x63, 0x75, 0x72, 0x72, 0x65, 0x6e, 0x74, 0x50, 0x57, 0x4d, 0x20, 0x3d, 0x20, 0x64, 0x61, 0x74
.byte 0x61, 0x2e, 0x70, 0x77, 0x6d, 0x3b, 0x0d, 0x0a, 0x20, 0x20, 0x20, 0x20, 0x20, 0x20, 0x20, 0x20
.byte 0x75, 0x70, 0x64, 0x61, 0x74, 0x65, 0x50, 0x57, 0x4d, 0x44, 0x69, 0x73, 0x70, 0x6c, 0x61, 0x79
.byte 0x28, 0x29, 0x3b, 0x0d, 0x0a, 0x20, 0x20, 0x20, 0x20, 0x7d, 0x0d, 0x0a, 0x0d, 0x0a, 0x20, 0x20
.byte 0x20, 0x20, 0x2f, 0x2f, 0x20, 0x4e, 0x6f, 0x74, 0x61, 0x3a, 0x20, 0x73, 0x79, 0x73, 0x74, 0x65
.byte 0x6d, 0x53, 0x74, 0x61, 0x74, 0x65, 0x20, 0x65, 0x6e, 0x20, 0x43, 0x20, 0x6e, 0x6f, 0x20, 0x65
.byte 0x73, 0x74, 0x61, 0x62, 0x61, 0x20, 0x65, 0x6e, 0x76, 0x69, 0x61, 0x6e, 0x64, 0x6f, 0x20, 0x61
.byte 0x63, 0x74, 0x69, 0x76, 0x65, 0x52, 0x65, 0x67, 0x69, 0x73, 0x74, 0x65, 0x72, 0x20, 0x65, 0x6e
.byte 0x20, 0x74, 0x75, 0x20, 0x63, 0xc3, 0xb3, 0x64, 0x69, 0x67, 0x6f, 0x20, 0x61, 0x6e, 0x74, 0x65
.byte 0x72, 0x69, 0x6f, 0x72, 0x0d, 0x0a, 0x20, 0x20, 0x20, 0x20, 0x2f, 0x2f, 0x20, 0x53, 0x69, 0x20
.byte 0x64, 0x65, 0x63, 0x69, 0x64, 0x69, 0x6d, 0x6f, 0x73, 0x20, 0x61, 0x67, 0x72, 0x65, 0x67, 0x61
.byte 0x72, 0x6c, 0x6f, 0x20, 0x61, 0x6c, 0x20, 0x4a, 0x53, 0x4f, 0x4e, 0x20, 0x64, 0x65, 0x20, 0x43
.byte 0x2c, 0x20, 0x65, 0x73, 0x74, 0x6f, 0x20, 0x66, 0x75, 0x6e, 0x63, 0x69, 0x6f, 0x6e, 0x61, 0x72
.byte 0xc3, 0xa1, 0x2e, 0x0d, 0x0a, 0x20, 0x20, 0x20, 0x20, 0x69, 0x66, 0x20, 0x28, 0x64, 0x61, 0x74
.byte 0x61, 0x2e, 0x61, 0x63, 0x74, 0x69, 0x76, 0x65, 0x52, 0x65, 0x67, 0x69, 0x73, 0x74, 0x65, 0x72
.byte 0x20, 0x21, 0x3d, 0x3d, 0x20, 0x75, 0x6e, 0x64, 0x65, 0x66, 0x69, 0x6e, 0x65, 0x64, 0x29, 0x20
.byte 0x7b, 0x0d, 0x0a, 0x20, 0x20, 0x20, 0x20, 0x20, 0x20, 0x20, 0x20, 0x53, 0x54, 0x41, 0x54, 0x45
.byte 0x2e, 0x61, 0x63, 0x74, 0x69, 0x76, 0x65, 0x52, 0x65, 0x67, 0x69, 0x73, 0x74, 0x65, 0x72, 0x20
.byte 0x3d, 0x20, 0x64, 0x61, 0x74, 0x61, 0x2e, 0x61, 0x63, 0x74, 0x69, 0x76, 0x65, 0x52, 0x65, 0x67
.byte 0x69, 0x73, 0x74, 0x65, 0x72, 0x3b, 0x0d, 0x0a, 0x20, 0x20, 0x20, 0x20, 0x20, 0x20, 0x20, 0x20
.byte 0x75, 0x70, 0x64, 0x61, 0x74, 0x65, 0x41, 0x63, 0x74, 0x69, 0x76, 0x65, 0x52, 0x65, 0x67, 0x69
.byte 0x73, 0x74, 0x65, 0x72, 0x44, 0x69, 0x73, 0x70, 0x6c, 0x61, 0x79, 0x28, 0x29, 0x3b, 0x0d, 0x0a
.byte 0x20, 0x20, 0x20, 0x20, 0x7d, 0x0d, 0x0a, 0x7d, 0x0d, 0x0a, 0x0d, 0x0a, 0x66, 0x75, 0x6e, 0x63
.byte 0x74, 0x69, 0x6f, 0x6e, 0x20, 0x75, 0x70, 0x64, 0x61, 0x74, 0x65, 0x54, 0x65, 0x6d, 0x70, 0x65
.byte 0x72, 0x61, 0x74, 0x75, 0x72, 0x65, 0x44, 0x69, 0x73, 0x70, 0x6c, 0x61, 0x79, 0x28, 0x29, 0x20
.byte 0x7b, 0x0d, 0x0a, 0x20, 0x20, 0x20, 0x20, 0x63, 0x6f, 0x6e, 0x73, 0x74, 0x20, 0x74, 0x65, 0x6d
.byte 0x70, 0x45, 0x6c, 0x65, 0x6d, 0x65, 0x6e, 0x74, 0x20, 0x3d, 0x20, 0x64, 0x6f, 0x63, 0x75, 0x6d
.byte 0x65, 0x6e, 0x74, 0x2e, 0x67, 0x65, 0x74, 0x45, 0x6c, 0x65, 0x6d, 0x65, 0x6e, 0x74, 0x42, 0x79
.byte 0x49, 0x64, 0x28, 0x27, 0x63, 0x75, 0x72, 0x72, 0x65, 0x6e, 0x74, 0x54, 0x65, 0x6d, 0x70, 0x27
.byte 0x29, 0x3b, 0x0d, 0x0a, 0x20, 0x20, 0x20, 0x20, 0x69, 0x66, 0x28, 0x74, 0x65, 0x6d, 0x70, 0x45
.byte 0x6c, 0x65, 0x6d, 0x65, 0x6e, 0x74, 0x29, 0x20, 0x7b, 0x0d, 0x0a, 0x20, 0x20, 0x20, 0x20, 0x20
.byte 0x20, 0x20, 0x20, 0x69, 0x66, 0x20, 0x28, 0x53, 0x54, 0x41, 0x54, 0x45, 0x2e, 0x63, 0x75, 0x72
.byte 0x72, 0x65, 0x6e, 0x74, 0x54, 0x65, 0x6d, 0x70, 0x20, 0x21, 0x3d, 0x3d, 0x20, 0x6e, 0x75, 0x6c
.byte 0x6c, 0x20, 0x26, 0x26, 0x20, 0x53, 0x54, 0x41, 0x54, 0x45, 0x2e, 0x63, 0x75, 0x72, 0x72, 0x65
.byte 0x6e, 0x74, 0x54, 0x65, 0x6d, 0x70, 0x20, 0x3e, 0x20, 0x2d, 0x39, 0x39, 0x29, 0x20, 0x7b, 0x0d
.byte 0x0a, 0x20, 0x20, 0x20, 0x20, 0x20, 0x20, 0x20, 0x20, 0x20, 0x20, 0x20, 0x20, 0x74, 0x65, 0x6d
.byte 0x70, 0x45, 0x6c, 0x65, 0x6d, 0x65, 0x6e, 0x74, 0x2e, 0x74, 0x65, 0x78, 0x74, 0x43, 0x6f, 0x6e
.byte 0x74, 0x65, 0x6e, 0x74, 0x20, 0x3d, 0x20, 0x53, 0x54, 0x41, 0x54, 0x45, 0x2e, 0x63, 0x75, 0x72
.byte 0x72, 0x65, 0x6e, 0x74, 0x54, 0x65, 0x6d, 0x70, 0x2e, 0x74, 0x6f, 0x46, 0x69, 0x78, 0x65, 0x64
.byte 0x28, 0x31, 0x29, 0x3b, 0x0d, 0x0a, 0x20, 0x20, 0x20, 0x20, 0x20, 0x20, 0x20, 0x20, 0x7d, 0x20
.byte 0x65, 0x6c, 0x73, 0x65, 0x20, 0x7b, 0x0d, 0x0a, 0x20, 0x20, 0x20, 0x20, 0x20, 0x20, 0x20, 0x20
.byte 0x20, 0x20, 0x20, 0x20, 0x74, 0x65, 0x6d, 0x70, 0x45, 0x6c, 0x65, 0x6d, 0x65, 0x6e, 0x74, 0x2e
.byte 0x74, 0x65, 0x78, 0x74, 0x43, 0x6f, 0x6e, 0x74, 0x65, 0x6e, 0x74, 0x20, 0x3d, 0x20, 0x27, 0x2d
.byte 0x2d, 0x27, 0x3b, 0x0d, 0x0a, 0x20, 0x20, 0x20, 0x20, 0x20, 0x20, 0x20, 0x20, 0x7d, 0x0d, 0x0a
.byte 0x20, 0x20, 0x20, 0x20, 0x7d, 0x0d, 0x0a, 0x7d, 0x0d, 0x0a, 0x0d, 0x0a, 0x66, 0x75, 0x6e, 0x63
.byte 0x74, 0x69, 0x6f, 0x6e, 0x20, 0x75, 0x70, 0x64, 0x61, 0x74, 0x65, 0x50, 0x49, 0x52, 0x44, 0x69
.byte 0x73, 0x70, 0x6c, 0x61, 0x79, 0x28, 0x29, 0x20, 0x7b, 0x0d, 0x0a, 0x20, 0x20, 0x20, 0x20, 0x63
.byte 0x6f, 0x6e, 0x73, 0x74, 0x20, 0x70, 0x69, 0x72, 0x53, 0x74, 0x61, 0x74, 0x75, 0x73, 0x20, 0x3d
.byte 0x20, 0x64, 0x6f, 0x63, 0x75, 0x6d, 0x65, 0x6e, 0x74, 0x2e, 0x67, 0x65, 0x74, 0x45, 0x6c, 0x65
.byte 0x6d, 0x65, 0x6e, 0x74, 0x42, 0x79, 0x49, 0x64, 0x28, 0x27, 0x70, 0x69, 0x72, 0x53, 0x74, 0x61
.byte 0x74, 0x75, 0x73, 0x27, 0x29, 0x3b, 0x0d, 0x0a, 0x20, 0x20, 0x20, 0x20, 0x63, 0x6f, 0x6e, 0x73
.byte 0x74, 0x20, 0x70, 0x69, 0x72, 0x49, 0x6e, 0x64, 0x69, 0x63, 0x61, 0x74, 0x6f, 0x72, 0x20, 0x3d
.byte 0x20, 0x64, 0x6f, 0x63, 0x75, 0x6d, 0x65, 0x6e, 0x74, 0x2e, 0x67, 0x65, 0x74, 0x45, 0x6c, 0x65
.byte 0x6d, 0x65, 0x6e, 0x74, 0x42, 0x79, 0x49, 0x64, 0x28, 0x27, 0x70, 0x69, 0x72, 0x49, 0x6e, 0x64
.byte 0x69, 0x63, 0x61, 0x74, 0x6f, 0x72, 0x27, 0x29, 0x3b, 0x0d, 0x0a, 0x0d, 0x0a, 0x20, 0x20, 0x20
.byte 0x20, 0x69, 0x66, 0x28, 0x70, 0x69, 0x72, 0x53, 0x74, 0x61, 0x74, 0x75, 0x73, 0x20, 0x26, 0x26
.byte 0x20, 0x70, 0x69, 0x72, 0x49, 0x6e, 0x64, 0x69, 0x63, 0x61, 0x74, 0x6f, 0x72, 0x29, 0x20, 0x7b
.byte 0x0d, 0x0a, 0x20, 0x20, 0x20, 0x20, 0x20, 0x20, 0x20, 0x20, 0x69, 0x66, 0x20, 0x28, 0x53, 0x54
.byte 0x41, 0x54, 0x45, 0x2e, 0x70, 0x69, 0x72, 0x44, 0x65, 0x74, 0x65, 0x63, 0x74, 0x65, 0x64, 0x29
.byte 0x20, 0x7b, 0x0d, 0x0a, 0x20, 0x20, 0x20, 0x20, 0x20, 0x20, 0x20, 0x20, 0x20, 0x20, 0x20, 0x20
.byte 0x70, 0x69, 0x72, 0x53, 0x74, 0x61, 0x74, 0x75, 0x73, 0x2e, 0x74, 0x65, 0x78, 0x74, 0x43, 0x6f
.byte 0x6e, 0x74, 0x65, 0x6e, 0x74, 0x20, 0x3d, 0x20, 0x27, 0x44, 0x45, 0x54, 0x45, 0x43, 0x54, 0x41
.byte 0x44, 0x4f, 0x27, 0x3b, 0x0d, 0x0a, 0x20, 0x20, 0x20, 0x20, 0x20, 0x20, 0x20, 0x20, 0x20, 0x20
.byte 0x20, 0x20, 0x70, 0x69, 0x72, 0x49, 0x6e, 0x64, 0x69, 0x63, 0x61, 0x74, 0x6f, 0x72, 0x2e, 0x63
.byte 0x6c, 0x61, 0x73, 0x73, 0x4c, 0x69, 0x73, 0x74, 0x2e, 0x61, 0x64, 0x64, 0x28, 0x27, 0x61, 0x63
.byte 0x74, 0x69, 0x76, 0x65, 0x27, 0x29, 0x3b, 0x0d, 0x0a, 0x20, 0x20, 0x20, 0x20, 0x20, 0x20, 0x20
.byte 0x20, 0x7d, 0x20, 0x65, 0x6c, 0x73, 0x65, 0x20, 0x7b, 0x0d, 0x0a, 0x20, 0x20, 0x20, 0x20, 0x20
.byte 0x20, 0x20, 0x20, 0x20, 0x20, 0x20, 0x20, 0x70, 0x69, 0x72, 0x53, 0x74, 0x61, 0x74, 0x75, 0x73
.byte 0x2e, 0x74, 0x65, 0x78, 0x74, 0x43, 0x6f, 0x6e, 0x74, 0x65, 0x6e, 0x74, 0x20, 0x3d, 0x20, 0x27
.byte 0x4e, 0x4f, 0x20, 0x44, 0x45, 0x54, 0x45, 0x43, 0x54, 0x41, 0x44, 0x4f, 0x27, 0x3b, 0x0d, 0x0a
.byte 0x20, 0x20, 0x20, 0x20, 0x20, 0x20, 0x20, 0x20, 0x20, 0x20, 0x20, 0x20, 0x70, 0x69, 0x72, 0x49
.byte 0x6e, 0x64, 0x69, 0x63, 0x61, 0x74, 0x6f, 0x72, 0x2e, 0x63, 0x6c, 0x61, 0x73, 0x73, 0x4c, 0x69
.byte 0x73, 0x74, 0x2e, 0x72, 0x65, 0x6d, 0x6f, 0x76, 0x65, 0x28, 0x27, 0x61, 0x63, 0x74, 0x69, 0x76
.byte 0x65, 0x27, 0x29, 0x3b, 0x0d, 0x0a, 0x20, 0x20, 0x20, 0x20, 0x20, 0x20, 0x20, 0x20, 0x7d, 0x0d
.byte 0x0a, 0x20, 0x20, 0x20, 0x20, 0x7d, 0x0d, 0x0a, 0x7d, 0x0d, 0x0a, 0x0d, 0x0a, 0x66, 0x75, 0x6e
.byte 0x63, 0x74, 0x69, 0x6f, 0x6e, 0x20, 0x75, 0x70, 0x64, 0x61, 0x74, 0x65, 0x4d, 0x6f, 0x64, 0x65
.byte 0x44, 0x69, 0x73, 0x70, 0x6c, 0x61, 0x79, 0x28, 0x29, 0x20, 0x7b, 0x0d, 0x0a, 0x20, 0x20, 0x20
.byte 0x20, 0x63, 0x6f, 0x6e, 0x73, 0x74, 0x20, 0x63, 0x75, 0x72, 0x72, 0x65, 0x6e, 0x74, 0x4d, 0x6f
.byte 0x64, 0x65, 0x54, 0x65, 0x78, 0x74, 0x20, 0x3d, 0x20, 0x64, 0x6f, 0x63, 0x75, 0x6d, 0x65, 0x6e
.byte 0x74, 0x2e, 0x67, 0x65, 0x74, 0x45, 0x6c, 0x65, 0x6d, 0x65, 0x6e, 0x74, 0x42, 0x79, 0x49, 0x64
.byte 0x28, 0x27, 0x63, 0x75, 0x72, 0x72, 0x65, 0x6e, 0x74, 0x4d, 0x6f, 0x64, 0x65, 0x27, 0x29, 0x3b
.byte 0x0d, 0x0a, 0x20, 0x20, 0x20, 0x20, 0x69, 0x66, 0x28, 0x63, 0x75, 0x72, 0x72, 0x65, 0x6e, 0x74
.byte 0x4d, 0x6f, 0x64, 0x65, 0x54, 0x65, 0x78, 0x74, 0x29, 0x20, 0x63, 0x75, 0x72, 0x72, 0x65, 0x6e
.byte 0x74, 0x4d, 0x6f, 0x64, 0x65, 0x54, 0x65, 0x78, 0x74, 0x2e, 0x74, 0x65, 0x78, 0x74, 0x43, 0x6f
.byte 0x6e, 0x74, 0x65, 0x6e, 0x74, 0x20, 0x3d, 0x20, 0x43, 0x4f, 0x4e, 0x46, 0x49, 0x47, 0x2e, 0x4d
.byte 0x4f, 0x44, 0x45, 0x5f, 0x4e, 0x41, 0x4d, 0x45, 0x53, 0x5b, 0x53, 0x54, 0x41, 0x54, 0x45, 0x2e
.byte 0x63, 0x75, 0x72, 0x72, 0x65, 0x6e, 0x74, 0x4d, 0x6f, 0x64, 0x65, 0x5d, 0x3b, 0x0d, 0x0a, 0x0d
.byte 0x0a, 0x20, 0x20, 0x20, 0x20, 0x2f, 0x2f, 0x20, 0x55, 0x70, 0x64, 0x61, 0x74, 0x65, 0x20, 0x62
.byte 0x75, 0x74, 0x74, 0x6f, 0x6e, 0x20, 0x73, 0x74, 0x61, 0x74, 0x65, 0x73, 0x0d, 0x0a, 0x20, 0x20
.byte 0x20, 0x20, 0x64, 0x6f, 0x63, 0x75, 0x6d, 0x65, 0x6e, 0x74, 0x2e, 0x71, 0x75, 0x65, 0x72, 0x79
.byte 0x53, 0x65, 0x6c, 0x65, 0x63, 0x74, 0x6f, 0x72, 0x41, 0x6c, 0x6c, 0x28, 0x27, 0x2e, 0x6d, 0x6f
.byte 0x64, 0x65, 0x2d, 0x62, 0x74, 0x6e, 0x27, 0x29, 0x2e, 0x66, 0x6f, 0x72, 0x45, 0x61, 0x63, 0x68
.byte 0x28, 0x62, 0x74, 0x6e, 0x20, 0x3d, 0x3e, 0x20, 0x7b, 0x0d, 0x0a, 0x20, 0x20, 0x20, 0x20, 0x20
.byte 0x20, 0x20, 0x20, 0x62, 0x74, 0x6e, 0x2e, 0x63, 0x6c, 0x61, 0x73, 0x73, 0x4c, 0x69, 0x73, 0x74
.byte 0x2e, 0x72, 0x65, 0x6d, 0x6f, 0x76, 0x65, 0x28, 0x27, 0x61, 0x63, 0x74, 0x69, 0x76, 0x65, 0x27
.byte 0x29, 0x3b, 0x0d, 0x0a, 0x20, 0x20, 0x20, 0x20, 0x20, 0x20, 0x20, 0x20, 0x69, 0x66, 0x20, 0x28
.byte 0x70, 0x61, 0x72, 0x73, 0x65, 0x49, 0x6e, 0x74, 0x28, 0x62, 0x74, 0x6e, 0x2e, 0x64, 0x61, 0x74
.byte 0x61, 0x73, 0x65, 0x74, 0x2e, 0x6d, 0x6f, 0x64, 0x65, 0x29, 0x20, 0x3d, 0x3d, 0x3d, 0x20, 0x53
.byte 0x54, 0x41, 0x54, 0x45, 0x2e, 0x63, 0x75, 0x72, 0x72, 0x65, 0x6e, 0x74, 0x4d, 0x6f, 0x64, 0x65
.byte 0x29, 0x20, 0x7b, 0x0d, 0x0a, 0x20, 0x20, 0x20, 0x20, 0x20, 0x20, 0x20, 0x20, 0x20, 0x20, 0x20
.byte 0x20, 0x62, 0x74, 0x6e, 0x2e, 0x63, 0x6c, 0x61, 0x73, 0x73, 0x4c, 0x69, 0x73, 0x74, 0x2e, 0x61
.byte 0x64, 0x64, 0x28, 0x27, 0x61, 0x63, 0x74, 0x69, 0x76, 0x65, 0x27, 0x29, 0x3b, 0x0d, 0x0a, 0x20
.byte 0x20, 0x20, 0x20, 0x20, 0x20, 0x20, 0x20, 0x7d, 0x0d, 0x0a, 0x20, 0x20, 0x20, 0x20, 0x7d, 0x29
.byte 0x3b, 0x0d, 0x0a, 0x0d, 0x0a, 0x20, 0x20, 0x20, 0x20, 0x2f, 0x2f, 0x20, 0x56, 0x69, 0x73, 0x75
.byte 0x61, 0x6c, 0x6d, 0x65, 0x6e, 0x74, 0x65, 0x20, 0x6d, 0x6f, 0x73, 0x74, 0x72, 0x61, 0x72, 0x20
.byte 0x65, 0x6c, 0x20, 0x63, 0x6f, 0x6e, 0x74, 0x65, 0x6e, 0x65, 0x64, 0x6f, 0x72, 0x20, 0x64, 0x65
.byte 0x20, 0x72, 0x65, 0x67, 0x69, 0x73, 0x74, 0x72, 0x6f, 0x73, 0x20, 0x73, 0x69, 0x20, 0x65, 0x73
.byte 0x74, 0x61, 0x6d, 0x6f, 0x73, 0x20, 0x65, 0x6e, 0x20, 0x6d, 0x6f, 0x64, 0x6f, 0x20, 0x70, 0x72
.byte 0x6f, 0x67, 0x72, 0x61, 0x6d, 0x61, 0x64, 0x6f, 0x0d, 0x0a, 0x20, 0x20, 0x20, 0x20, 0x63, 0x6f
.byte 0x6e, 0x73, 0x74, 0x20, 0x72, 0x65, 0x67, 0x43, 0x6f, 0x6e, 0x74, 0x61, 0x69, 0x6e, 0x65, 0x72
.byte 0x20, 0x3d, 0x20, 0x64, 0x6f, 0x63, 0x75, 0x6d, 0x65, 0x6e, 0x74, 0x2e, 0x67, 0x65, 0x74, 0x45
.byte 0x6c, 0x65, 0x6d, 0x65, 0x6e, 0x74, 0x42, 0x79, 0x49, 0x64, 0x28, 0x27, 0x72, 0x65, 0x67, 0x69
.byte 0x73, 0x74, 0x65, 0x72, 0x43, 0x61, 0x72, 0x64, 0x43, 0x6f, 0x6e, 0x74, 0x61, 0x69, 0x6e, 0x65
.byte 0x72, 0x27, 0x29, 0x3b, 0x0d, 0x0a, 0x20, 0x20, 0x20, 0x20, 0x69, 0x66, 0x28, 0x72, 0x65, 0x67
.byte 0x43, 0x6f, 0x6e, 0x74, 0x61, 0x69, 0x6e, 0x65, 0x72, 0x29, 0x20, 0x7b, 0x0d, 0x0a, 0x20, 0x20
.byte 0x20, 0x20, 0x20, 0x20, 0x20, 0x20, 0x72, 0x65, 0x67, 0x43, 0x6f, 0x6e, 0x74, 0x61, 0x69, 0x6e
.byte 0x65, 0x72, 0x2e, 0x73, 0x74, 0x79, 0x6c, 0x65, 0x2e, 0x64, 0x69, 0x73, 0x70, 0x6c, 0x61, 0x79
.byte 0x20, 0x3d, 0x20, 0x53, 0x54, 0x41, 0x54, 0x45, 0x2e, 0x63, 0x75, 0x72, 0x72, 0x65, 0x6e, 0x74
.byte 0x4d, 0x6f, 0x64, 0x65, 0x20, 0x3d, 0x3d, 0x3d, 0x20, 0x32, 0x20, 0x3f, 0x20, 0x27, 0x62, 0x6c
.byte 0x6f, 0x63, 0x6b, 0x27, 0x20, 0x3a, 0x20, 0x27, 0x6e, 0x6f, 0x6e, 0x65, 0x27, 0x3b, 0x0d, 0x0a
.byte 0x20, 0x20, 0x20, 0x20, 0x7d, 0x0d, 0x0a, 0x7d, 0x0d, 0x0a, 0x0d, 0x0a, 0x66, 0x75, 0x6e, 0x63
.byte 0x74, 0x69, 0x6f, 0x6e, 0x20, 0x75, 0x70, 0x64, 0x61, 0x74, 0x65, 0x50, 0x57, 0x4d, 0x44, 0x69
.byte 0x73, 0x70, 0x6c, 0x61, 0x79, 0x28, 0x29, 0x20, 0x7b, 0x0d, 0x0a, 0x20, 0x20, 0x20, 0x20, 0x63
.byte 0x6f, 0x6e, 0x73, 0x74, 0x20, 0x70, 0x77, 0x6d, 0x54, 0x65, 0x78, 0x74, 0x20, 0x3d, 0x20, 0x64
.byte 0x6f, 0x63, 0x75, 0x6d, 0x65, 0x6e, 0x74, 0x2e, 0x67, 0x65, 0x74, 0x45, 0x6c, 0x65, 0x6d, 0x65
.byte 0x6e, 0x74, 0x42, 0x79, 0x49, 0x64, 0x28, 0x27, 0x63, 0x75, 0x72, 0x72, 0x65, 0x6e, 0x74, 0x50
.byte 0x57, 0x4d, 0x27, 0x29, 0x3b, 0x0d, 0x0a, 0x20, 0x20, 0x20, 0x20, 0x63, 0x6f, 0x6e, 0x73, 0x74
.byte 0x20, 0x70, 0x77, 0x6d, 0x46, 0x69, 0x6c, 0x6c, 0x20, 0x3d, 0x20, 0x64, 0x6f, 0x63, 0x75, 0x6d
.byte 0x65, 0x6e, 0x74, 0x2e, 0x67, 0x65, 0x74, 0x45, 0x6c, 0x65, 0x6d, 0x65, 0x6e, 0x74, 0x42, 0x79
.byte 0x49, 0x64, 0x28, 0x27, 0x70, 0x77, 0x6d, 0x46, 0x69, 0x6c, 0x6c, 0x27, 0x29, 0x3b, 0x0d, 0x0a
.byte 0x20, 0x20, 0x20, 0x20, 0x0d, 0x0a, 0x20, 0x20, 0x20, 0x20, 0x69, 0x66, 0x28, 0x70, 0x77, 0x6d
.byte 0x54, 0x65, 0x78, 0x74, 0x29, 0x20, 0x70, 0x77, 0x6d, 0x54, 0x65, 0x78, 0x74, 0x2e, 0x74, 0x65
.byte 0x78, 0x74, 0x43, 0x6f, 0x6e, 0x74, 0x65, 0x6e, 0x74, 0x20, 0x3d, 0x20, 0x53, 0x54, 0x41, 0x54
.byte 0x45, 0x2e, 0x63, 0x75, 0x72, 0x72, 0x65, 0x6e, 0x74, 0x50, 0x57, 0x4d, 0x3b, 0x0d, 0x0a, 0x20
.byte 0x20, 0x20, 0x20, 0x0d, 0x0a, 0x20, 0x20, 0x20, 0x20, 0x69, 0x66, 0x28, 0x70, 0x77, 0x6d, 0x46
.byte 0x69, 0x6c, 0x6c, 0x29, 0x20, 0x7b, 0x0d, 0x0a, 0x20, 0x20, 0x20, 0x20, 0x20, 0x20, 0x20, 0x20
.byte 0x70, 0x77, 0x6d, 0x46, 0x69, 0x6c, 0x6c, 0x2e, 0x73, 0x74, 0x79, 0x6c, 0x65, 0x2e, 0x77, 0x69
.byte 0x64, 0x74, 0x68, 0x20, 0x3d, 0x20, 0x53, 0x54, 0x41, 0x54, 0x45, 0x2e, 0x63, 0x75, 0x72, 0x72
.byte 0x65, 0x6e, 0x74, 0x50, 0x57, 0x4d, 0x20, 0x2b, 0x20, 0x27, 0x25, 0x27, 0x3b, 0x0d, 0x0a, 0x20
.byte 0x20, 0x20, 0x20, 0x7d, 0x0d, 0x0a, 0x7d, 0x0d, 0x0a, 0x0d, 0x0a, 0x2f, 0x2a, 0x2a, 0x0d, 0x0a
.byte 0x20, 0x2a, 0x20, 0x40, 0x62, 0x72, 0x69, 0x65, 0x66, 0x20, 0x43, 0x61, 0x72, 0x67, 0x61, 0x20
.byte 0x6c, 0x6f, 0x73, 0x20, 0x72, 0x65, 0x67, 0x69, 0x73, 0x74, 0x72, 0x6f, 0x73, 0x20, 0x70, 0x72
.byte 0x6f, 0x67, 0x72, 0x61, 0x6d, 0x61, 0x64, 0x6f, 0x73, 0x20, 0x67, 0x75, 0x61, 0x72, 0x64, 0x61
.byte 0x64, 0x6f, 0x73, 0x20, 0x64, 0x65, 0x73, 0x64, 0x65, 0x20, 0x65, 0x6c, 0x20, 0x45, 0x53, 0x50
.byte 0x33, 0x32, 0x0d, 0x0a, 0x20, 0x2a, 0x2f, 0x0d, 0x0a, 0x61, 0x73, 0x79, 0x6e, 0x63, 0x20, 0x66
.byte 0x75, 0x6e, 0x63, 0x74, 0x69, 0x6f, 0x6e, 0x20, 0x6c, 0x6f, 0x61, 0x64, 0x53, 0x61, 0x76, 0x65
.byte 0x64, 0x52, 0x65, 0x67, 0x69, 0x73, 0x74, 0x65, 0x72, 0x73, 0x28, 0x29, 0x20, 0x7b, 0x0d, 0x0a
.byte 0x20, 0x20, 0x20, 0x20, 0x74, 0x72, 0x79, 0x20, 0x7b, 0x0d, 0x0a, 0x20, 0x20, 0x20, 0x20, 0x20
.byte 0x20, 0x20, 0x20, 0x63, 0x6f, 0x6e, 0x73, 0x74, 0x20, 0x72, 0x65, 0x73, 0x70, 0x6f, 0x6e, 0x73
.byte 0x65, 0x20, 0x3d, 0x20, 0x61, 0x77, 0x61, 0x69, 0x74, 0x20, 0x66, 0x65, 0x74, 0x63, 0x68, 0x28
.byte 0x43, 0x4f, 0x4e, 0x46, 0x49, 0x47, 0x2e, 0x41, 0x50, 0x49, 0x5f, 0x45, 0x4e, 0x44, 0x50, 0x4f
.byte 0x49, 0x4e, 0x54, 0x53, 0x2e, 0x47, 0x45, 0x54, 0x5f, 0x50, 0x52, 0x4f, 0x47, 0x52, 0x41, 0x4d
.byte 0x4d, 0x45, 0x44, 0x29, 0x3b, 0x0d, 0x0a, 0x20, 0x20, 0x20, 0x20, 0x20, 0x20, 0x20, 0x20, 0x69
.byte 0x66, 0x20, 0x28, 0x72, 0x65, 0x73, 0x70, 0x6f, 0x6e, 0x73, 0x65, 0x2e, 0x6f, 0x6b, 0x29, 0x20
.byte 0x7b, 0x0d, 0x0a, 0x20, 0x20, 0x20, 0x20, 0x20, 0x20, 0x20, 0x20, 0x20, 0x20, 0x20, 0x20, 0x63
.byte 0x6f, 0x6e, 0x73, 0x74, 0x20, 0x64, 0x61, 0x74, 0x61, 0x20, 0x3d, 0x20, 0x61, 0x77, 0x61, 0x69
.byte 0x74, 0x20, 0x72, 0x65, 0x73, 0x70, 0x6f, 0x6e, 0x73, 0x65, 0x2e, 0x6a, 0x73, 0x6f, 0x6e, 0x28
.byte 0x29, 0x3b, 0x0d, 0x0a, 0x20, 0x20, 0x20, 0x20, 0x20, 0x20, 0x20, 0x20, 0x20, 0x20, 0x20, 0x20
.byte 0x69, 0x66, 0x20, 0x28, 0x64, 0x61, 0x74, 0x61, 0x2e, 0x72, 0x65, 0x67, 0x69, 0x73, 0x74, 0x65
.byte 0x72, 0x73, 0x20, 0x26, 0x26, 0x20, 0x41, 0x72, 0x72, 0x61, 0x79, 0x2e, 0x69, 0x73, 0x41, 0x72
.byte 0x72, 0x61, 0x79, 0x28, 0x64, 0x61, 0x74, 0x61, 0x2e, 0x72, 0x65, 0x67, 0x69, 0x73, 0x74, 0x65
.byte 0x72, 0x73, 0x29, 0x29, 0x20, 0x7b, 0x0d, 0x0a, 0x20, 0x20, 0x20, 0x20, 0x20, 0x20, 0x20, 0x20
.byte 0x20, 0x20, 0x20, 0x20, 0x20, 0x20, 0x20, 0x20, 0x2f, 0x2f, 0x20, 0x41, 0x63, 0x74, 0x75, 0x61
.byte 0x6c, 0x69, 0x7a, 0x61, 0x72, 0x20, 0x6c, 0x6f, 0x73, 0x20, 0x63, 0x61, 0x6d, 0x70, 0x6f, 0x73
.byte 0x20, 0x64, 0x65, 0x20, 0x6c, 0x6f, 0x73, 0x20, 0x72, 0x65, 0x67, 0x69, 0x73, 0x74, 0x72, 0x6f
.byte 0x73, 0x20, 0x63, 0x6f, 0x6e, 0x20, 0x6c, 0x6f, 0x73, 0x20, 0x76, 0x61, 0x6c, 0x6f, 0x72, 0x65
.byte 0x73, 0x20, 0x67, 0x75, 0x61, 0x72, 0x64, 0x61, 0x64, 0x6f, 0x73, 0x0d, 0x0a, 0x20, 0x20, 0x20
.byte 0x20, 0x20, 0x20, 0x20, 0x20, 0x20, 0x20, 0x20, 0x20, 0x20, 0x20, 0x20, 0x20, 0x66, 0x6f, 0x72
.byte 0x20, 0x28, 0x6c, 0x65, 0x74, 0x20, 0x69, 0x20, 0x3d, 0x20, 0x30, 0x3b, 0x20, 0x69, 0x20, 0x3c
.byte 0x20, 0x64, 0x61, 0x74, 0x61, 0x2e, 0x72, 0x65, 0x67, 0x69, 0x73, 0x74, 0x65, 0x72, 0x73, 0x2e
.byte 0x6c, 0x65, 0x6e, 0x67, 0x74, 0x68, 0x20, 0x26, 0x26, 0x20, 0x69, 0x20, 0x3c, 0x20, 0x43, 0x4f
.byte 0x4e, 0x46, 0x49, 0x47, 0x2e, 0x4e, 0x55, 0x4d, 0x5f, 0x52, 0x45, 0x47, 0x49, 0x53, 0x54, 0x45
.byte 0x52, 0x53, 0x3b, 0x20, 0x69, 0x2b, 0x2b, 0x29, 0x20, 0x7b, 0x0d, 0x0a, 0x20, 0x20, 0x20, 0x20
.byte 0x20, 0x20, 0x20, 0x20, 0x20, 0x20, 0x20, 0x20, 0x20, 0x20, 0x20, 0x20, 0x20, 0x20, 0x20, 0x20
.byte 0x63, 0x6f, 0x6e, 0x73, 0x74, 0x20, 0x72, 0x65, 0x67, 0x20, 0x3d, 0x20, 0x64, 0x61, 0x74, 0x61
.byte 0x2e, 0x72, 0x65, 0x67, 0x69, 0x73, 0x74, 0x65, 0x72, 0x73, 0x5b, 0x69, 0x5d, 0x3b, 0x0d, 0x0a
.byte 0x20, 0x20, 0x20, 0x20, 0x20, 0x20, 0x20, 0x20, 0x20, 0x20, 0x20, 0x20, 0x20, 0x20, 0x20, 0x20
.byte 0x20, 0x20, 0x20, 0x20, 0x64, 0x6f, 0x63, 0x75, 0x6d, 0x65, 0x6e, 0x74, 0x2e, 0x67, 0x65, 0x74
.byte 0x45, 0x6c, 0x65, 0x6d, 0x65, 0x6e, 0x74, 0x42, 0x79, 0x49, 0x64, 0x28, 0x60, 0x72, 0x65, 0x67
.byte 0x41, 0x63, 0x74, 0x69, 0x76, 0x65, 0x24, 0x7b, 0x69, 0x7d, 0x60, 0x29, 0x2e, 0x63, 0x68, 0x65
.byte 0x63, 0x6b, 0x65, 0x64, 0x20, 0x3d, 0x20, 0x72, 0x65, 0x67, 0x2e, 0x61, 0x63, 0x74, 0x69, 0x76
.byte 0x65, 0x20, 0x3d, 0x3d, 0x3d, 0x20, 0x31, 0x3b, 0x0d, 0x0a, 0x20, 0x20, 0x20, 0x20, 0x20, 0x20
.byte 0x20, 0x20, 0x20, 0x20, 0x20, 0x20, 0x20, 0x20, 0x20, 0x20, 0x20, 0x20, 0x20, 0x20, 0x64, 0x6f
.byte 0x63, 0x75, 0x6d, 0x65, 0x6e, 0x74, 0x2e, 0x67, 0x65, 0x74, 0x45, 0x6c, 0x65, 0x6d, 0x65, 0x6e
.byte 0x74, 0x42, 0x79, 0x49, 0x64, 0x28, 0x60, 0x72, 0x65, 0x67, 0x53, 0x74, 0x61, 0x72, 0x74, 0x24
.byte 0x7b, 0x69, 0x7d, 0x60, 0x29, 0x2e, 0x76, 0x61, 0x6c, 0x75, 0x65, 0x20, 0x3d, 0x20, 0x72, 0x65
.byte 0x67, 0x2e, 0x73, 0x74, 0x61, 0x72, 0x74, 0x54, 0x69, 0x6d, 0x65, 0x3b, 0x0d, 0x0a, 0x20, 0x20
.byte 0x20, 0x20, 0x20, 0x20, 0x20, 0x20, 0x20, 0x20, 0x20, 0x20, 0x20, 0x20, 0x20, 0x20, 0x20, 0x20
.byte 0x20, 0x20, 0x64, 0x6f, 0x63, 0x75, 0x6d, 0x65, 0x6e, 0x74, 0x2e, 0x67, 0x65, 0x74, 0x45, 0x6c
.byte 0x65, 0x6d, 0x65, 0x6e, 0x74, 0x42, 0x79, 0x49, 0x64, 0x28, 0x60, 0x72, 0x65, 0x67, 0x45, 0x6e
.byte 0x64, 0x24, 0x7b, 0x69, 0x7d, 0x60, 0x29, 0x2e, 0x76, 0x61, 0x6c, 0x75, 0x65, 0x20, 0x3d, 0x20
.byte 0x72, 0x65, 0x67, 0x2e, 0x65, 0x6e, 0x64, 0x54, 0x69, 0x6d, 0x65, 0x3b, 0x0d, 0x0a, 0x20, 0x20
.byte 0x20, 0x20, 0x20, 0x20, 0x20, 0x20, 0x20, 0x20, 0x20, 0x20, 0x20, 0x20, 0x20, 0x20, 0x20, 0x20
.byte 0x20, 0x20, 0x64, 0x6f, 0x63, 0x75, 0x6d, 0x65, 0x6e, 0x74, 0x2e, 0x67, 0x65, 0x74, 0x45, 0x6c
.byte 0x65, 0x6d, 0x65, 0x6e, 0x74, 0x42, 0x79, 0x49, 0x64, 0x28, 0x60, 0x72, 0x65, 0x67, 0x54, 0x30
.byte 0x24, 0x7b, 0x69, 0x7d, 0x60, 0x29, 0x2e, 0x76, 0x61, 0x6c, 0x75, 0x65, 0x20, 0x3d, 0x20, 0x72
.byte 0x65, 0x67, 0x2e, 0x74, 0x65, 0x6d, 0x70, 0x4d, 0x69, 0x6e, 0x3b, 0x0d, 0x0a, 0x20, 0x20, 0x20
.byte 0x20, 0x20, 0x20, 0x20, 0x20, 0x20, 0x20, 0x20, 0x20, 0x20, 0x20, 0x20, 0x20, 0x20, 0x20, 0x20
.byte 0x20, 0x64, 0x6f, 0x63, 0x75, 0x6d, 0x65, 0x6e, 0x74, 0x2e, 0x67, 0x65, 0x74, 0x45, 0x6c, 0x65
.byte 0x6d, 0x65, 0x6e, 0x74, 0x42, 0x79, 0x49, 0x64, 0x28, 0x60, 0x72, 0x65, 0x67, 0x54, 0x31, 0x30
.byte 0x30, 0x24, 0x7b, 0x69, 0x7d, 0x60, 0x29, 0x2e, 0x76, 0x61, 0x6c, 0x75, 0x65, 0x20, 0x3d, 0x20
.byte 0x72, 0x65, 0x67, 0x2e, 0x74, 0x65, 0x6d, 0x70, 0x4d, 0x61, 0x78, 0x3b, 0x0d, 0x0a, 0x20, 0x20
.byte 0x20, 0x20, 0x20, 0x20, 0x20, 0x20, 0x20, 0x20, 0x20, 0x20, 0x20, 0x20, 0x20, 0x20, 0x20, 0x20
.byte 0x20, 0x20, 0x0d, 0x0a, 0x20, 0x20, 0x20, 0x20, 0x20, 0x20, 0x20, 0x20, 0x20, 0x20, 0x20, 0x20
.byte 0x20, 0x20, 0x20, 0x20, 0x20, 0x20, 0x20, 0x20, 0x2f, 0x2f, 0x20, 0x41, 0x63, 0x74, 0x75, 0x61
.byte 0x6c, 0x69, 0x7a, 0x61, 0x72, 0x20, 0x65, 0x6c, 0x20, 0x65, 0x73, 0x74, 0x61, 0x64, 0x6f, 0x20
.byte 0x76, 0x69, 0x73, 0x75, 0x61, 0x6c, 0x0d, 0x0a, 0x20, 0x20, 0x20, 0x20, 0x20, 0x20, 0x20, 0x20
.byte 0x20, 0x20, 0x20, 0x20, 0x20, 0x20, 0x20, 0x20, 0x20, 0x20, 0x20, 0x20, 0x75, 0x70, 0x64, 0x61
.byte 0x74, 0x65, 0x52, 0x65, 0x67, 0x69, 0x73, 0x74, 0x65, 0x72, 0x49, 0x74, 0x65, 0x6d, 0x56, 0x69
.byte 0x73, 0x75, 0x61, 0x6c, 0x53, 0x74, 0x61, 0x74, 0x65, 0x28, 0x69, 0x2c, 0x20, 0x72, 0x65, 0x67
.byte 0x2e, 0x61, 0x63, 0x74, 0x69, 0x76, 0x65, 0x20, 0x3d, 0x3d, 0x3d, 0x20, 0x31, 0x29, 0x3b, 0x0d
.byte 0x0a, 0x20, 0x20, 0x20, 0x20, 0x20, 0x20, 0x20, 0x20, 0x20, 0x20, 0x20, 0x20, 0x20, 0x20, 0x20
.byte 0x20, 0x7d, 0x0d, 0x0a, 0x20, 0x20, 0x20, 0x20, 0x20, 0x20, 0x20, 0x20, 0x20, 0x20, 0x20, 0x20
.byte 0x20, 0x20, 0x20, 0x20, 0x63, 0x6f, 0x6e, 0x73, 0x6f, 0x6c, 0x65, 0x2e, 0x6c, 0x6f, 0x67, 0x28
.byte 0x27, 0x52, 0x65, 0x67, 0x69, 0x73, 0x74, 0x72, 0x6f, 0x73, 0x20, 0x70, 0x72, 0x6f, 0x67, 0x72
.byte 0x61, 0x6d, 0x61, 0x64, 0x6f, 0x73, 0x20, 0x63, 0x61, 0x72, 0x67, 0x61, 0x64, 0x6f, 0x73, 0x20
.byte 0x64, 0x65, 0x73, 0x64, 0x65, 0x20, 0x45, 0x53, 0x50, 0x33, 0x32, 0x27, 0x29, 0x3b, 0x0d, 0x0a
.byte 0x20, 0x20, 0x20, 0x20, 0x20, 0x20, 0x20, 0x20, 0x20, 0x20, 0x20, 0x20, 0x7d, 0x0d, 0x0a, 0x20
.byte 0x20, 0x20, 0x20, 0x20, 0x20, 0x20, 0x20, 0x7d, 0x0d, 0x0a, 0x20, 0x20, 0x20, 0x20, 0x7d, 0x20
.byte 0x63, 0x61, 0x74, 0x63, 0x68, 0x20, 0x28, 0x65, 0x72, 0x72, 0x6f, 0x72, 0x29, 0x20, 0x7b, 0x0d
.byte 0x0a, 0x20, 0x20, 0x20, 0x20, 0x20, 0x20, 0x20, 0x20, 0x63, 0x6f, 0x6e, 0x73, 0x6f, 0x6c, 0x65
.byte 0x2e, 0x77, 0x61, 0x72, 0x6e, 0x28, 0x27, 0x45, 0x72, 0x72, 0x6f, 0x72, 0x20, 0x61, 0x6c, 0x20
.byte 0x63, 0x61, 0x72, 0x67, 0x61, 0x72, 0x20, 0x72, 0x65, 0x67, 0x69, 0x73, 0x74, 0x72, 0x6f, 0x73
.byte 0x20, 0x70, 0x72, 0x6f, 0x67, 0x72, 0x61, 0x6d, 0x61, 0x64, 0x6f, 0x73, 0x3a, 0x27, 0x2c, 0x20
.byte 0x65, 0x72, 0x72, 0x6f, 0x72, 0x29, 0x3b, 0x0d, 0x0a, 0x20, 0x20, 0x20, 0x20, 0x7d, 0x0d, 0x0a
.byte 0x7d, 0x0d, 0x0a, 0x0d, 0x0a, 0x66, 0x75, 0x6e, 0x63, 0x74, 0x69, 0x6f, 0x6e, 0x20, 0x75, 0x70
.byte 0x64, 0x61, 0x74, 0x65, 0x41, 0x63, 0x74, 0x69, 0x76, 0x65, 0x52, 0x65, 0x67, 0x69, 0x73, 0x74
.byte 0x65, 0x72, 0x44, 0x69, 0x73, 0x70, 0x6c, 0x61, 0x79, 0x28, 0x29, 0x20, 0x7b, 0x0d, 0x0a, 0x20
.byte 0x20, 0x20, 0x20, 0x63, 0x6f, 0x6e, 0x73, 0x74, 0x20, 0x72, 0x65, 0x67, 0x69, 0x73, 0x74, 0x65
.byte 0x72, 0x43, 0x61, 0x72, 0x64, 0x43, 0x6f, 0x6e, 0x74, 0x61, 0x69, 0x6e, 0x65, 0x72, 0x20, 0x3d
.byte 0x20, 0x64, 0x6f, 0x63, 0x75, 0x6d, 0x65, 0x6e, 0x74, 0x2e, 0x67, 0x65, 0x74, 0x45, 0x6c, 0x65
.byte 0x6d, 0x65, 0x6e, 0x74, 0x42, 0x79, 0x49, 0x64, 0x28, 0x27, 0x72, 0x65, 0x67, 0x69, 0x73, 0x74
.byte 0x65, 0x72, 0x43, 0x61, 0x72, 0x64, 0x43, 0x6f, 0x6e, 0x74, 0x61, 0x69, 0x6e, 0x65, 0x72, 0x27
.byte 0x29, 0x3b, 0x0d, 0x0a, 0x20, 0x20, 0x20, 0x20, 0x63, 0x6f, 0x6e, 0x73, 0x74, 0x20, 0x61, 0x63
.byte 0x74, 0x69, 0x76, 0x65, 0x52, 0x65, 0x67, 0x69, 0x73, 0x74, 0x65, 0x72, 0x54, 0x65, 0x78, 0x74
.byte 0x20, 0x3d, 0x20, 0x64, 0x6f, 0x63, 0x75, 0x6d, 0x65, 0x6e, 0x74, 0x2e, 0x67, 0x65, 0x74, 0x45
.byte 0x6c, 0x65, 0x6d, 0x65, 0x6e, 0x74, 0x42, 0x79, 0x49, 0x64, 0x28, 0x27, 0x61, 0x63, 0x74, 0x69
.byte 0x76, 0x65, 0x52, 0x65, 0x67, 0x69, 0x73, 0x74, 0x65, 0x72, 0x27, 0x29, 0x3b, 0x0d, 0x0a, 0x20
.byte 0x20, 0x20, 0x20, 0x0d, 0x0a, 0x20, 0x20, 0x20, 0x20, 0x69, 0x66, 0x28, 0x72, 0x65, 0x67, 0x69
.byte 0x73, 0x74, 0x65, 0x72, 0x43, 0x61, 0x72, 0x64, 0x43, 0x6f, 0x6e, 0x74, 0x61, 0x69, 0x6e, 0x65
.byte 0x72, 0x20, 0x26, 0x26, 0x20, 0x61, 0x63, 0x74, 0x69, 0x76, 0x65, 0x52, 0x65, 0x67, 0x69, 0x73
.byte 0x74, 0x65, 0x72, 0x54, 0x65, 0x78, 0x74, 0x29, 0x20, 0x7b, 0x0d, 0x0a, 0x20, 0x20, 0x20, 0x20
.byte 0x20, 0x20, 0x20, 0x20, 0x69, 0x66, 0x20, 0x28, 0x53, 0x54, 0x41, 0x54, 0x45, 0x2e, 0x63, 0x75
.byte 0x72, 0x72, 0x65, 0x6e, 0x74, 0x4d, 0x6f, 0x64, 0x65, 0x20, 0x3d, 0x3d, 0x3d, 0x20, 0x32, 0x20
.byte 0x26, 0x26, 0x20, 0x53, 0x54, 0x41, 0x54, 0x45, 0x2e, 0x61, 0x63, 0x74, 0x69, 0x76, 0x65, 0x52
.byte 0x65, 0x67, 0x69, 0x73, 0x74, 0x65, 0x72, 0x20, 0x21, 0x3d, 0x3d, 0x20, 0x6e, 0x75, 0x6c, 0x6c
.byte 0x29, 0x20, 0x7b, 0x0d, 0x0a, 0x20, 0x20, 0x20, 0x20, 0x20, 0x20, 0x20, 0x20, 0x20, 0x20, 0x20
.byte 0x20, 0x72, 0x65, 0x67, 0x69, 0x73, 0x74, 0x65, 0x72, 0x43, 0x61, 0x72, 0x64, 0x43, 0x6f, 0x6e
.byte 0x74, 0x61, 0x69, 0x6e, 0x65, 0x72, 0x2e, 0x73, 0x74, 0x79, 0x6c, 0x65, 0x2e, 0x64, 0x69, 0x73
.byte 0x70, 0x6c, 0x61, 0x79, 0x20, 0x3d, 0x20, 0x27, 0x62, 0x6c, 0x6f, 0x63, 0x6b, 0x27, 0x3b, 0x0d
.byte 0x0a, 0x20, 0x20, 0x20, 0x20, 0x20, 0x20, 0x20, 0x20, 0x20, 0x20, 0x20, 0x20, 0x61, 0x63, 0x74
.byte 0x69, 0x76, 0x65, 0x52, 0x65, 0x67, 0x69, 0x73, 0x74, 0x65, 0x72, 0x54, 0x65, 0x78, 0x74, 0x2e
.byte 0x74, 0x65, 0x78, 0x74, 0x43, 0x6f, 0x6e, 0x74, 0x65, 0x6e, 0x74, 0x20, 0x3d, 0x20, 0x60, 0x52
.byte 0x65, 0x67, 0x69, 0x73, 0x74, 0x72, 0x6f, 0x20, 0x24, 0x7b, 0x53, 0x54, 0x41, 0x54, 0x45, 0x2e
.byte 0x61, 0x63, 0x74, 0x69, 0x76, 0x65, 0x52, 0x65, 0x67, 0x69, 0x73, 0x74, 0x65, 0x72, 0x20, 0x2b
.byte 0x20, 0x31, 0x7d, 0x60, 0x3b, 0x0d, 0x0a, 0x20, 0x20, 0x20, 0x20, 0x20, 0x20, 0x20, 0x20, 0x7d
.byte 0x20, 0x65, 0x6c, 0x73, 0x65, 0x20, 0x7b, 0x0d, 0x0a, 0x20, 0x20, 0x20, 0x20, 0x20, 0x20, 0x20
.byte 0x20, 0x20, 0x20, 0x20, 0x20, 0x72, 0x65, 0x67, 0x69, 0x73, 0x74, 0x65, 0x72, 0x43, 0x61, 0x72
.byte 0x64, 0x43, 0x6f, 0x6e, 0x74, 0x61, 0x69, 0x6e, 0x65, 0x72, 0x2e, 0x73, 0x74, 0x79, 0x6c, 0x65
.byte 0x2e, 0x64, 0x69, 0x73, 0x70, 0x6c, 0x61, 0x79, 0x20, 0x3d, 0x20, 0x27, 0x6e, 0x6f, 0x6e, 0x65
.byte 0x27, 0x3b, 0x0d, 0x0a, 0x20, 0x20, 0x20, 0x20, 0x20, 0x20, 0x20, 0x20, 0x7d, 0x0d, 0x0a, 0x20
.byte 0x20, 0x20, 0x20, 0x7d, 0x0d, 0x0a, 0x7d, 0x0d, 0x0a, 0x0d, 0x0a, 0x66, 0x75, 0x6e, 0x63, 0x74
.byte 0x69, 0x6f, 0x6e, 0x20, 0x75, 0x70, 0x64, 0x61, 0x74, 0x65, 0x43, 0x6f, 0x6e, 0x6e, 0x65, 0x63
.byte 0x74, 0x69, 0x6f, 0x6e, 0x53, 0x74, 0x61, 0x74, 0x75, 0x73, 0x28, 0x29, 0x20, 0x7b, 0x0d, 0x0a
.byte 0x20, 0x20, 0x20, 0x20, 0x63, 0x6f, 0x6e, 0x73, 0x74, 0x20, 0x69, 0x6e, 0x64, 0x69, 0x63, 0x61
.byte 0x74, 0x6f, 0x72, 0x20, 0x3d, 0x20, 0x64, 0x6f, 0x63, 0x75, 0x6d, 0x65, 0x6e, 0x74, 0x2e, 0x67
.byte 0x65, 0x74, 0x45, 0x6c, 0x65, 0x6d, 0x65, 0x6e, 0x74, 0x42, 0x79, 0x49, 0x64, 0x28, 0x27, 0x63
.byte 0x6f, 0x6e, 0x6e, 0x65, 0x63, 0x74, 0x69, 0x6f, 0x6e, 0x53, 0x74, 0x61, 0x74, 0x75, 0x73, 0x27
.byte 0x29, 0x3b, 0x0d, 0x0a, 0x20, 0x20, 0x20, 0x20, 0x63, 0x6f, 0x6e, 0x73, 0x74, 0x20, 0x74, 0x65
.byte 0x78, 0x74, 0x20, 0x3d, 0x20, 0x64, 0x6f, 0x63, 0x75, 0x6d, 0x65, 0x6e, 0x74, 0x2e, 0x67, 0x65
.byte 0x74, 0x45, 0x6c, 0x65, 0x6d, 0x65, 0x6e, 0x74, 0x42, 0x79, 0x49, 0x64, 0x28, 0x27, 0x63, 0x6f
.byte 0x6e, 0x6e, 0x65, 0x63, 0x74, 0x69, 0x6f, 0x6e, 0x54, 0x65, 0x78, 0x74, 0x27, 0x29, 0x3b, 0x0d
.byte 0x0a, 0x0d, 0x0a, 0x20, 0x20, 0x20, 0x20, 0x69, 0x66, 0x28, 0x69, 0x6e, 0x64, 0x69, 0x63, 0x61
.byte 0x74, 0x6f, 0x72, 0x20, 0x26, 0x26, 0x20, 0x74, 0x65, 0x78, 0x74, 0x29, 0x20, 0x7b, 0x0d, 0x0a
.byte 0x20, 0x20, 0x20, 0x20, 0x20, 0x20, 0x20, 0x20, 0x69, 0x66, 0x20, 0x28, 0x53, 0x54, 0x41, 0x54
.byte 0x45, 0x2e, 0x69, 0x73, 0x43, 0x6f, 0x6e, 0x6e, 0x65, 0x63, 0x74, 0x65, 0x64, 0x29, 0x20, 0x7b
.byte 0x0d, 0x0a, 0x20, 0x20, 0x20, 0x20, 0x20, 0x20, 0x20, 0x20, 0x20, 0x20, 0x20, 0x20, 0x69, 0x6e
.byte 0x64, 0x69, 0x63, 0x61, 0x74, 0x6f, 0x72, 0x2e, 0x63, 0x6c, 0x61, 0x73, 0x73, 0x4c, 0x69, 0x73
.byte 0x74, 0x2e, 0x72, 0x65, 0x6d, 0x6f, 0x76, 0x65, 0x28, 0x27, 0x6f, 0x66, 0x66, 0x6c, 0x69, 0x6e
.byte 0x65, 0x27, 0x29, 0x3b, 0x0d, 0x0a, 0x20, 0x20, 0x20, 0x20, 0x20, 0x20, 0x20, 0x20, 0x20, 0x20
.byte 0x20, 0x20, 0x74, 0x65, 0x78, 0x74, 0x2e, 0x74, 0x65, 0x78, 0x74, 0x43, 0x6f, 0x6e, 0x74, 0x65
.byte 0x6e, 0x74, 0x20, 0x3d, 0x20, 0x27, 0x43, 0x6f, 0x6e, 0x65, 0x63, 0x74, 0x61, 0x64, 0x6f, 0x27
.byte 0x3b, 0x0d, 0x0a, 0x20, 0x20, 0x20, 0x20, 0x20, 0x20, 0x20, 0x20, 0x7d, 0x20, 0x65, 0x6c, 0x73
.byte 0x65, 0x20, 0x7b, 0x0d, 0x0a, 0x20, 0x20, 0x20, 0x20, 0x20, 0x20, 0x20, 0x20, 0x20, 0x20, 0x20
.byte 0x20, 0x69, 0x6e, 0x64, 0x69, 0x63, 0x61, 0x74, 0x6f, 0x72, 0x2e, 0x63, 0x6c, 0x61, 0x73, 0x73
.byte 0x4c, 0x69, 0x73, 0x74, 0x2e, 0x61, 0x64, 0x64, 0x28, 0x27, 0x6f, 0x66, 0x66, 0x6c, 0x69, 0x6e
.byte 0x65, 0x27, 0x29, 0x3b, 0x0d, 0x0a, 0x20, 0x20, 0x20, 0x20, 0x20, 0x20, 0x20, 0x20, 0x20, 0x20
.byte 0x20, 0x20, 0x74, 0x65, 0x78, 0x74, 0x2e, 0x74, 0x65, 0x78, 0x74, 0x43, 0x6f, 0x6e, 0x74, 0x65
.byte 0x6e, 0x74, 0x20, 0x3d, 0x20, 0x27, 0x44, 0x65, 0x73, 0x63, 0x6f, 0x6e, 0x65, 0x63, 0x74, 0x61
.byte 0x64, 0x6f, 0x27, 0x3b, 0x0d, 0x0a, 0x20, 0x20, 0x20, 0x20, 0x20, 0x20, 0x20, 0x20, 0x7d, 0x0d
.byte 0x0a, 0x20, 0x20, 0x20, 0x20, 0x7d, 0x0d, 0x0a, 0x7d, 0x0d, 0x0a, 0x0d, 0x0a, 0x66, 0x75, 0x6e
.byte 0x63, 0x74, 0x69, 0x6f, 0x6e, 0x20, 0x73, 0x74, 0x61, 0x72, 0x74, 0x53, 0x79, 0x73, 0x74, 0x65
.byte 0x6d, 0x55, 0x70, 0x64, 0x61, 0x74, 0x65, 0x73, 0x28, 0x29, 0x20, 0x7b, 0x0d, 0x0a, 0x20, 0x20
.byte 0x20, 0x20, 0x2f, 0x2f, 0x20, 0x49, 0x6e, 0x69, 0x74, 0x69, 0x61, 0x6c, 0x20, 0x75, 0x70, 0x64
.byte 0x61, 0x74, 0x65, 0x0d, 0x0a, 0x20, 0x20, 0x20, 0x20, 0x75, 0x70, 0x64, 0x61, 0x74, 0x65, 0x53
.byte 0x79, 0x73, 0x74, 0x65, 0x6d, 0x53, 0x74, 0x61, 0x74, 0x65, 0x28, 0x29, 0x3b, 0x0d, 0x0a, 0x0d
.byte 0x0a, 0x20, 0x20, 0x20, 0x20, 0x2f, 0x2f, 0x20, 0x53, 0x65, 0x74, 0x20, 0x75, 0x70, 0x20, 0x72
.byte 0x65, 0x66, 0x72, 0x65, 0x73, 0x68, 0x20, 0x64, 0x6f, 0x74, 0x20, 0x61, 0x6e, 0x69, 0x6d, 0x61
.byte 0x74, 0x69, 0x6f, 0x6e, 0x0d, 0x0a, 0x20, 0x20, 0x20, 0x20, 0x53, 0x54, 0x41, 0x54, 0x45, 0x2e
.byte 0x75, 0x70, 0x64, 0x61, 0x74, 0x65, 0x54, 0x69, 0x6d, 0x65, 0x72, 0x20, 0x3d, 0x20, 0x73, 0x65
.byte 0x74, 0x49, 0x6e, 0x74, 0x65, 0x72, 0x76, 0x61, 0x6c, 0x28, 0x28, 0x29, 0x20, 0x3d, 0x3e, 0x20
.byte 0x7b, 0x0d, 0x0a, 0x20, 0x20, 0x20, 0x20, 0x20, 0x20, 0x20, 0x20, 0x75, 0x70, 0x64, 0x61, 0x74
.byte 0x65, 0x53, 0x79, 0x73, 0x74, 0x65, 0x6d, 0x53, 0x74, 0x61, 0x74, 0x65, 0x28, 0x29, 0x3b, 0x0d
.byte 0x0a, 0x20, 0x20, 0x20, 0x20, 0x20, 0x20, 0x20, 0x20, 0x61, 0x6e, 0x69, 0x6d, 0x61, 0x74, 0x65
.byte 0x52, 0x65, 0x66, 0x72, 0x65, 0x73, 0x68, 0x44, 0x6f, 0x74, 0x28, 0x29, 0x3b, 0x0d, 0x0a, 0x20
.byte 0x20, 0x20, 0x20, 0x7d, 0x2c, 0x20, 0x43, 0x4f, 0x4e, 0x46, 0x49, 0x47, 0x2e, 0x55, 0x50, 0x44
.byte 0x41, 0x54, 0x45, 0x5f, 0x49, 0x4e, 0x54, 0x45, 0x52, 0x56, 0x41, 0x4c, 0x29, 0x3b, 0x0d, 0x0a
.byte 0x7d, 0x0d, 0x0a, 0x0d, 0x0a, 0x66, 0x75, 0x6e, 0x63, 0x74, 0x69, 0x6f, 0x6e, 0x20, 0x61, 0x6e
.byte 0x69, 0x6d, 0x61, 0x74, 0x65, 0x52, 0x65, 0x66, 0x72, 0x65, 0x73, 0x68, 0x44, 0x6f, 0x74, 0x28
.byte 0x29, 0x20, 0x7b, 0x0d, 0x0a, 0x20, 0x20, 0x20, 0x20, 0x63, 0x6f, 0x6e, 0x73, 0x74, 0x20, 0x64
.byte 0x6f, 0x74, 0x20, 0x3d, 0x20, 0x64, 0x6f, 0x63, 0x75, 0x6d, 0x65, 0x6e, 0x74, 0x2e, 0x67, 0x65
.byte 0x74, 0x45, 0x6c, 0x65, 0x6d, 0x65, 0x6e, 0x74, 0x42, 0x79, 0x49, 0x64, 0x28, 0x27, 0x72, 0x65
.byte 0x66, 0x72, 0x65, 0x73, 0x68, 0x44, 0x6f, 0x74, 0x27, 0x29, 0x3b, 0x0d, 0x0a, 0x20, 0x20, 0x20
.byte 0x20, 0x69, 0x66, 0x28, 0x64, 0x6f, 0x74, 0x29, 0x20, 0x7b, 0x0d, 0x0a, 0x20, 0x20, 0x20, 0x20
.byte 0x20, 0x20, 0x20, 0x20, 0x64, 0x6f, 0x74, 0x2e, 0x73, 0x74, 0x79, 0x6c, 0x65, 0x2e, 0x6f, 0x70
.byte 0x61, 0x63, 0x69, 0x74, 0x79, 0x20, 0x3d, 0x20, 0x27, 0x30, 0x2e, 0x35, 0x27, 0x3b, 0x0d, 0x0a
.byte 0x20, 0x20, 0x20, 0x20, 0x20, 0x20, 0x20, 0x20, 0x73, 0x65, 0x74, 0x54, 0x69, 0x6d, 0x65, 0x6f
.byte 0x75, 0x74, 0x28, 0x28, 0x29, 0x20, 0x3d, 0x3e, 0x20, 0x7b, 0x0d, 0x0a, 0x20, 0x20, 0x20, 0x20
.byte 0x20, 0x20, 0x20, 0x20, 0x20, 0x20, 0x20, 0x20, 0x64, 0x6f, 0x74, 0x2e, 0x73, 0x74, 0x79, 0x6c
.byte 0x65, 0x2e, 0x6f, 0x70, 0x61, 0x63, 0x69, 0x74, 0x79, 0x20, 0x3d, 0x20, 0x27, 0x31, 0x27, 0x3b
.byte 0x0d, 0x0a, 0x20, 0x20, 0x20, 0x20, 0x20, 0x20, 0x20, 0x20, 0x7d, 0x2c, 0x20, 0x32, 0x30, 0x30
.byte 0x29, 0x3b, 0x0d, 0x0a, 0x20, 0x20, 0x20, 0x20, 0x7d, 0x0d, 0x0a, 0x7d, 0x0d, 0x0a, 0x0d, 0x0a
.byte 0x2f, 0x2a, 0x2a, 0x0d, 0x0a, 0x20, 0x2a, 0x20, 0x4f, 0x62, 0x74, 0x69, 0x65, 0x6e, 0x65, 0x20
.byte 0x6c, 0x61, 0x20, 0x68, 0x6f, 0x72, 0x61, 0x20, 0x64, 0x65, 0x6c, 0x20, 0x45, 0x53, 0x50, 0x33
.byte 0x32, 0x20, 0x73, 0x69, 0x6e, 0x63, 0x72, 0x6f, 0x6e, 0x69, 0x7a, 0x61, 0x64, 0x61, 0x20, 0x70
.byte 0x6f, 0x72, 0x20, 0x53, 0x4e, 0x54, 0x50, 0x0d, 0x0a, 0x20, 0x2a, 0x2f, 0x0d, 0x0a, 0x61, 0x73
.byte 0x79, 0x6e, 0x63, 0x20, 0x66, 0x75, 0x6e, 0x63, 0x74, 0x69, 0x6f, 0x6e, 0x20, 0x75, 0x70, 0x64
.byte 0x61, 0x74, 0x65, 0x54, 0x69, 0x6d, 0x65, 0x28, 0x29, 0x20, 0x7b, 0x0d, 0x0a, 0x20, 0x20, 0x20
.byte 0x20, 0x74, 0x72, 0x79, 0x20, 0x7b, 0x0d, 0x0a, 0x20, 0x20, 0x20, 0x20, 0x20, 0x20, 0x20, 0x20
.byte 0x63, 0x6f, 0x6e, 0x73, 0x74, 0x20, 0x72, 0x65, 0x73, 0x70, 0x6f, 0x6e, 0x73, 0x65, 0x20, 0x3d
.byte 0x20, 0x61, 0x77, 0x61, 0x69, 0x74, 0x20, 0x66, 0x65, 0x74, 0x63, 0x68, 0x28, 0x43, 0x4f, 0x4e
.byte 0x46, 0x49, 0x47, 0x2e, 0x41, 0x50, 0x49, 0x5f, 0x45, 0x4e, 0x44, 0x50, 0x4f, 0x49, 0x4e, 0x54
.byte 0x53, 0x2e, 0x54, 0x49, 0x4d, 0x45, 0x29, 0x3b, 0x0d, 0x0a, 0x20, 0x20, 0x20, 0x20, 0x20, 0x20
.byte 0x20, 0x20, 0x63, 0x6f, 0x6e, 0x73, 0x74, 0x20, 0x68, 0x65, 0x61, 0x64, 0x65, 0x72, 0x54, 0x69
.byte 0x6d, 0x65, 0x20, 0x3d, 0x20, 0x64, 0x6f, 0x63, 0x75, 0x6d, 0x65, 0x6e, 0x74, 0x2e, 0x67, 0x65
.byte 0x74, 0x45, 0x6c, 0x65, 0x6d, 0x65, 0x6e, 0x74, 0x42, 0x79, 0x49, 0x64, 0x28, 0x27, 0x68, 0x65
.byte 0x61, 0x64, 0x65, 0x72, 0x54, 0x69, 0x6d, 0x65, 0x27, 0x29, 0x3b, 0x0d, 0x0a, 0x20, 0x20, 0x20
.byte 0x20, 0x20, 0x20, 0x20, 0x20, 0x0d, 0x0a, 0x20, 0x20, 0x20, 0x20, 0x20, 0x20, 0x20, 0x20, 0x69
.byte 0x66, 0x20, 0x28, 0x72, 0x65, 0x73, 0x70, 0x6f, 0x6e, 0x73, 0x65, 0x2e, 0x6f, 0x6b, 0x20, 0x26
.byte 0x26, 0x20, 0x68, 0x65, 0x61, 0x64, 0x65, 0x72, 0x54, 0x69, 0x6d, 0x65, 0x29, 0x20, 0x7b, 0x0d
.byte 0x0a, 0x20, 0x20, 0x20, 0x20, 0x20, 0x20, 0x20, 0x20, 0x20, 0x20, 0x20, 0x20, 0x63, 0x6f, 0x6e
.byte 0x73, 0x74, 0x20, 0x64, 0x61, 0x74, 0x61, 0x20, 0x3d, 0x20, 0x61, 0x77, 0x61, 0x69, 0x74, 0x20
.byte 0x72, 0x65, 0x73, 0x70, 0x6f, 0x6e, 0x73, 0x65, 0x2e, 0x6a, 0x73, 0x6f, 0x6e, 0x28, 0x29, 0x3b
.byte 0x0d, 0x0a, 0x20, 0x20, 0x20, 0x20, 0x20, 0x20, 0x20, 0x20, 0x20, 0x20, 0x20, 0x20, 0x69, 0x66
.byte 0x20, 0x28, 0x64, 0x61, 0x74, 0x61, 0x2e, 0x74, 0x69, 0x6d, 0x65, 0x20, 0x26, 0x26, 0x20, 0x64
.byte 0x61, 0x74, 0x61, 0x2e, 0x74, 0x69, 0x6d, 0x65, 0x20, 0x21, 0x3d, 0x3d, 0x20, 0x27, 0x4e, 0x2f
.byte 0x41, 0x27, 0x29, 0x20, 0x7b, 0x0d, 0x0a, 0x20, 0x20, 0x20, 0x20, 0x20, 0x20, 0x20, 0x20, 0x20
.byte 0x20, 0x20, 0x20, 0x20, 0x20, 0x20, 0x20, 0x68, 0x65, 0x61, 0x64, 0x65, 0x72, 0x54, 0x69, 0x6d
.byte 0x65, 0x2e, 0x74, 0x65, 0x78, 0x74, 0x43, 0x6f, 0x6e, 0x74, 0x65, 0x6e, 0x74, 0x20, 0x3d, 0x20
.byte 0x60, 0xf0, 0x9f, 0x95, 0x90, 0x20, 0x24, 0x7b, 0x64, 0x61, 0x74, 0x61, 0x2e, 0x74, 0x69, 0x6d
.byte 0x65, 0x7d, 0x60, 0x3b, 0x0d, 0x0a, 0x20, 0x20, 0x20, 0x20, 0x20, 0x20, 0x20, 0x20, 0x20, 0x20
.byte 0x20, 0x20, 0x7d, 0x20, 0x65, 0x6c, 0x73, 0x65, 0x20, 0x7b, 0x0d, 0x0a, 0x20, 0x20, 0x20, 0x20
.byte 0x20, 0x20, 0x20, 0x20, 0x20, 0x20, 0x20, 0x20, 0x20, 0x20, 0x20, 0x20, 0x68, 0x65, 0x61, 0x64
.byte 0x65, 0x72, 0x54, 0x69, 0x6d, 0x65, 0x2e, 0x74, 0x65, 0x78, 0x74, 0x43, 0x6f, 0x6e, 0x74, 0x65
.byte 0x6e, 0x74, 0x20, 0x3d, 0x20, 0x27, 0x53, 0x69, 0x6e, 0x63, 0x72, 0x6f, 0x6e, 0x69, 0x7a, 0x61
.byte 0x6e, 0x64, 0x6f, 0x20, 0x68, 0x6f, 0x72, 0x61, 0x2e, 0x2e, 0x2e, 0x27, 0x3b, 0x0d, 0x0a, 0x20
.byte 0x20, 0x20, 0x20, 0x20, 0x20, 0x20, 0x20, 0x20, 0x20, 0x20, 0x20, 0x7d, 0x0d, 0x0a, 0x20, 0x20
.byte 0x20, 0x20, 0x20, 0x20, 0x20, 0x20, 0x7d, 0x0d, 0x0a, 0x20, 0x20, 0x20, 0x20, 0x7d, 0x20, 0x63
.byte 0x61, 0x74, 0x63, 0x68, 0x20, 0x28, 0x65, 0x72, 0x72, 0x6f, 0x72, 0x29, 0x20, 0x7b, 0x0d, 0x0a
.byte 0x20, 0x20, 0x20, 0x20, 0x20, 0x20, 0x20, 0x20, 0x63, 0x6f, 0x6e, 0x73, 0x6f, 0x6c, 0x65, 0x2e
.byte 0x77, 0x61, 0x72, 0x6e, 0x28, 0x27, 0x45, 0x72, 0x72, 0x6f, 0x72, 0x20, 0x61, 0x6c, 0x20, 0x6f
.byte 0x62, 0x74, 0x65, 0x6e, 0x65, 0x72, 0x20, 0x6c, 0x61, 0x20, 0x68, 0x6f, 0x72, 0x61, 0x3a, 0x27
.byte 0x2c, 0x20, 0x65, 0x72, 0x72, 0x6f, 0x72, 0x29, 0x3b, 0x0d, 0x0a, 0x20, 0x20, 0x20, 0x20, 0x7d
.byte 0x0d, 0x0a, 0x7d, 0x0d, 0x0a, 0x0d, 0x0a, 0x2f, 0x2a, 0x2a, 0x0d, 0x0a, 0x20, 0x2a, 0x20, 0x49
.byte 0x6e, 0x69, 0x63, 0x69, 0x61, 0x20, 0x6c, 0x61, 0x20, 0x61, 0x63, 0x74, 0x75, 0x61, 0x6c, 0x69
.byte 0x7a, 0x61, 0x63, 0x69, 0xc3, 0xb3, 0x6e, 0x20, 0x70, 0x65, 0x72, 0x69, 0xc3, 0xb3, 0x64, 0x69
.byte 0x63, 0x61, 0x20, 0x64, 0x65, 0x20, 0x6c, 0x61, 0x20, 0x68, 0x6f, 0x72, 0x61, 0x0d, 0x0a, 0x20
.byte 0x2a, 0x2f, 0x0d, 0x0a, 0x66, 0x75, 0x6e, 0x63, 0x74, 0x69, 0x6f, 0x6e, 0x20, 0x73, 0x74, 0x61
.byte 0x72, 0x74, 0x54, 0x69, 0x6d, 0x65, 0x55, 0x70, 0x64, 0x61, 0x74, 0x65, 0x73, 0x28, 0x29, 0x20
.byte 0x7b, 0x0d, 0x0a, 0x20, 0x20, 0x20, 0x20, 0x75, 0x70, 0x64, 0x61, 0x74, 0x65, 0x54, 0x69, 0x6d
.byte 0x65, 0x28, 0x29, 0x3b, 0x0d, 0x0a, 0x20, 0x20, 0x20, 0x20, 0x73, 0x65, 0x74, 0x49, 0x6e, 0x74
.byte 0x65, 0x72, 0x76, 0x61, 0x6c, 0x28, 0x75, 0x70, 0x64, 0x61, 0x74, 0x65, 0x54, 0x69, 0x6d, 0x65
.byte 0x2c, 0x20, 0x31, 0x30, 0x30, 0x30, 0x29, 0x3b, 0x0d, 0x0a, 0x7d, 0x0d, 0x0a, 0x0d, 0x0a, 0x2f
.byte 0x2f, 0x20, 0x3d, 0x3d, 0x3d, 0x3d, 0x3d, 0x3d, 0x3d, 0x3d, 0x3d, 0x3d, 0x20, 0x55, 0x54, 0x49
.byte 0x4c, 0x49, 0x54, 0x59, 0x20, 0x46, 0x55, 0x4e, 0x43, 0x54, 0x49, 0x4f, 0x4e, 0x53, 0x20, 0x3d
.byte 0x3d, 0x3d, 0x3d, 0x3d, 0x3d, 0x3d, 0x3d, 0x3d, 0x3d, 0x0d, 0x0a, 0x66, 0x75, 0x6e, 0x63, 0x74
.byte 0x69, 0x6f, 0x6e, 0x20, 0x73, 0x68, 0x6f, 0x77, 0x46, 0x65, 0x65, 0x64, 0x62, 0x61, 0x63, 0x6b
.byte 0x28, 0x65, 0x6c, 0x65, 0x6d, 0x65, 0x6e, 0x74, 0x49, 0x64, 0x2c, 0x20, 0x6d, 0x65, 0x73, 0x73
.byte 0x61, 0x67, 0x65, 0x2c, 0x20, 0x74, 0x79, 0x70, 0x65, 0x29, 0x20, 0x7b, 0x0d, 0x0a, 0x20, 0x20
.byte 0x20, 0x20, 0x63, 0x6f, 0x6e, 0x73, 0x74, 0x20, 0x65, 0x6c, 0x65, 0x6d, 0x65, 0x6e, 0x74, 0x20
.byte 0x3d, 0x20, 0x64, 0x6f, 0x63, 0x75, 0x6d, 0x65, 0x6e, 0x74, 0x2e, 0x67, 0x65, 0x74, 0x45, 0x6c
.byte 0x65, 0x6d, 0x65, 0x6e, 0x74, 0x42, 0x79, 0x49, 0x64, 0x28, 0x65, 0x6c, 0x65, 0x6d, 0x65, 0x6e
.byte 0x74, 0x49, 0x64, 0x29, 0x3b, 0x0d, 0x0a, 0x20, 0x20, 0x20, 0x20, 0x69, 0x66, 0x28, 0x65, 0x6c
.byte 0x65, 0x6d, 0x65, 0x6e, 0x74, 0x29, 0x20, 0x7b, 0x0d, 0x0a, 0x20, 0x20, 0x20, 0x20, 0x20, 0x20
.byte 0x20, 0x20, 0x65, 0x6c, 0x65, 0x6d, 0x65, 0x6e, 0x74, 0x2e, 0x74, 0x65, 0x78, 0x74, 0x43, 0x6f
.byte 0x6e, 0x74, 0x65, 0x6e, 0x74, 0x20, 0x3d, 0x20, 0x6d, 0x65, 0x73, 0x73, 0x61, 0x67, 0x65, 0x3b
.byte 0x0d, 0x0a, 0x20, 0x20, 0x20, 0x20, 0x20, 0x20, 0x20, 0x20, 0x65, 0x6c, 0x65, 0x6d, 0x65, 0x6e
.byte 0x74, 0x2e, 0x63, 0x6c, 0x61, 0x73, 0x73, 0x4e, 0x61, 0x6d, 0x65, 0x20, 0x3d, 0x20, 0x60, 0x66
.byte 0x65, 0x65, 0x64, 0x62, 0x61, 0x63, 0x6b, 0x2d, 0x6d, 0x65, 0x73, 0x73, 0x61, 0x67, 0x65, 0x20
.byte 0x73, 0x68, 0x6f, 0x77, 0x20, 0x24, 0x7b, 0x74, 0x79, 0x70, 0x65, 0x7d, 0x60, 0x3b, 0x0d, 0x0a
.byte 0x0d, 0x0a, 0x20, 0x20, 0x20, 0x20, 0x20, 0x20, 0x20, 0x20, 0x2f, 0x2f, 0x20, 0x41, 0x75, 0x74
.byte 0x6f, 0x2d, 0x68, 0x69, 0x64, 0x65, 0x20, 0x61, 0x66, 0x74, 0x65, 0x72, 0x20, 0x35, 0x20, 0x73
.byte 0x65, 0x63, 0x6f, 0x6e, 0x64, 0x73, 0x0d, 0x0a, 0x20, 0x20, 0x20, 0x20, 0x20, 0x20, 0x20, 0x20
.byte 0x73, 0x65, 0x74, 0x54, 0x69, 0x6d, 0x65, 0x6f, 0x75, 0x74, 0x28, 0x28, 0x29, 0x20, 0x3d, 0x3e
.byte 0x20, 0x7b, 0x0d, 0x0a, 0x20, 0x20, 0x20, 0x20, 0x20, 0x20, 0x20, 0x20, 0x20, 0x20, 0x20, 0x20
.byte 0x65, 0x6c, 0x65, 0x6d, 0x65, 0x6e, 0x74, 0x2e, 0x63, 0x6c, 0x61, 0x73, 0x73, 0x4c, 0x69, 0x73
.byte 0x74, 0x2e, 0x72, 0x65, 0x6d, 0x6f, 0x76, 0x65, 0x28, 0x27, 0x73, 0x68, 0x6f, 0x77, 0x27, 0x29
.byte 0x3b, 0x0d, 0x0a, 0x20, 0x20, 0x20, 0x20, 0x20, 0x20, 0x20, 0x20, 0x7d, 0x2c, 0x20, 0x35, 0x30
.byte 0x30, 0x30, 0x29, 0x3b, 0x0d, 0x0a, 0x20, 0x20, 0x20, 0x20, 0x7d, 0x0d, 0x0a, 0x7d, 0x0d, 0x0a
.byte 0x0d, 0x0a, 0x2f, 0x2f, 0x20, 0x3d, 0x3d, 0x3d, 0x3d, 0x3d, 0x3d, 0x3d, 0x3d, 0x3d, 0x3d, 0x20
.byte 0x43, 0x4c, 0x45, 0x41, 0x4e, 0x55, 0x50, 0x20, 0x3d, 0x3d, 0x3d, 0x3d, 0x3d, 0x3d, 0x3d, 0x3d
.byte 0x3d, 0x3d, 0x0d, 0x0a, 0x77, 0x69, 0x6e, 0x64, 0x6f, 0x77, 0x2e, 0x61, 0x64, 0x64, 0x45, 0x76
.byte 0x65, 0x6e, 0x74, 0x4c, 0x69, 0x73, 0x74, 0x65, 0x6e, 0x65, 0x72, 0x28, 0x27, 0x62, 0x65, 0x66
.byte 0x6f, 0x72, 0x65, 0x75, 0x6e, 0x6c, 0x6f, 0x61, 0x64, 0x27, 0x2c, 0x20, 0x28, 0x29, 0x20, 0x3d
.byte 0x3e, 0x20, 0x7b, 0x0d, 0x0a, 0x20, 0x20, 0x20, 0x20, 0x69, 0x66, 0x20, 0x28, 0x53, 0x54, 0x41
.byte 0x54, 0x45, 0x2e, 0x75, 0x70, 0x64, 0x61, 0x74, 0x65, 0x54, 0x69, 0x6d, 0x65, 0x72, 0x29, 0x20
.byte 0x7b, 0x0d, 0x0a, 0x20, 0x20, 0x20, 0x20, 0x20, 0x20, 0x20, 0x20, 0x63, 0x6c, 0x65, 0x61, 0x72
.byte 0x49, 0x6e, 0x74, 0x65, 0x72, 0x76, 0x61, 0x6c, 0x28, 0x53, 0x54, 0x41, 0x54, 0x45, 0x2e, 0x75
.byte 0x70, 0x64, 0x61, 0x74, 0x65, 0x54, 0x69, 0x6d, 0x65, 0x72, 0x29, 0x3b, 0x0d, 0x0a, 0x20, 0x20
.byte 0x20, 0x20, 0x7d, 0x0d, 0x0a, 0x7d, 0x29, 0x3b

.global _binary_app_js_end
_binary_app_js_end: /* for objcopy compatibility */


.global app_js_length
app_js_length:
.long 24216

#if defined (__linux__)
.section .note.GNU-stack,"",@progbits
#endif
